"id","StockID","StockShortName","StockProductType","StockProductMain"
"1","1101","台泥","水泥工業","有關水泥及水泥製品之生產及運銷"
"2","1102","亞泥","水泥工業","水泥、水泥之半成品、水泥製品、預拌混凝土及其添加劑之生產運銷"
"3","1103","嘉泥","水泥工業","水泥、生產、銷售"
"4","1104","環球水泥","水泥工業","水泥原料熟料及水泥製品原料之開採製造生產運銷"
"5","1108","幸福水泥","水泥工業","有關水泥及水泥製品之工業及相關事業"
"6","1109","信大水泥","水泥工業","卜特蘭水泥"
"7","1110","東泥","水泥工業","(1)水泥製造與買賣(2)石灰石之開採及銷售"
"8","1201","味全公司","食品工業","食品製造及販賣"
"9","1203","味王公司","食品工業","味精.醬油.罐頭.調理速食品.飲料等製造及營銷有關進出口業務"
"10","1210","大成長城","食品工業","飼料"
"11","1213","大飲","食品工業","製造蘋果汽水礦泉水及各種汽水飲料等之批發"
"12","1215","卜蜂企業","食品工業","各種飼料生產加工配製銷售進口及買賣"
"13","1216","統一","食品工業","麵粉.飼料.油脂.速食麵.冷調食品.飲料.奶粉.乳品.麵包.醬品."
"14","1217","愛之味","食品工業","食品"
"15","1218","泰山企業","食品工業","各種食用油脂之精製及批發零售.各種清涼飲料.冷凍調理食品"
"16","1219","福壽實業","食品工業","配合飼料"
"17","1220","台榮","食品工業","飼料製造販賣"
"18","1225","福懋油","食品工業","麵粉，飼料，黃豆油，黃豆粉，大麥片，玉米粉之製造與銷售。"
"19","1227","佳格","食品工業","嬰兒麥粉、麥片及相關產品之生產製造"
"20","1229","聯華實業","食品工業","麵粉"
"21","1231","聯華食品","食品工業","食品"
"22","1232","大統益","食品工業","黃豆油、粉加工，製造及銷售"
"23","1233","天仁","食品工業","茶葉製造加工"
"24","1234","黑松","食品工業","碳酸飲料、酒類、果蔬汁、咖啡飲料、運動飲料等."
"25","1235","興泰","食品工業","飼料"
"26","1236","宏亞食品","食品工業","糖果、餅乾、巧克力之製造、加工及買賣。"
"27","1301","台塑","塑膠工業","聚氯乙烯(PVC)、氯乙烯、液、高密度聚乙烯、低密度聚乙烯"
"28","1303","南亞塑膠","塑膠工業","各種塑膠加工品、塑膠原料、電子材料、聚酯纖維之製銷"
"29","1304","台聚","塑膠工業","聚乙烯塑膠原料(包括乙烯醋酸乙烯酯樹脂 )之製造、加工及銷售"
"30","1305","華夏","塑膠工業","從事生產與銷售塑膠布，塑膠皮，塑膠管，塑膠粒"
"31","1307","三芳化工","塑膠工業","聚氨基甲酸加工品之製銷事項不織布起毛布加工品製銷染整事項"
"32","1308","亞聚","塑膠工業","低密度聚乙烯及乙烯醋酸乙烯酯共聚合樹脂之生產及銷售."
"33","1309","台達化工","塑膠工業","聚苯乙烯及加工品之製銷、丙烯(月青)、丁二烯、苯乙烯共聚體樹脂"
"34","1310","台苯","塑膠工業","苯乙烯單體"
"35","1312","國喬石化","塑膠工業","石油化工原料製造業"
"36","1313","聯成","塑膠工業","有機酸及其衍生物"
"37","1314","中石化","塑膠工業","石油化學產品CPL  AN  HAC之製造及銷售"
"38","1315","達新工業","塑膠工業","塑膠雨衣、什加工、PP瓦楞板等製品"
"39","1316","上曜","化學工業","合成皮買賣及加工業務及有關前項材料之買賣及進出口貿易業務。"
"40","1319","東陽","塑膠工業","汽機車零件製造買賣"
"41","1321","大洋","塑膠工業","塑膠原料之製造及銷售"
"42","1323","永裕","塑膠工業","各種塑膠製品製造.批發"
"43","1324","地球工業","塑膠工業","各種黏膠帶電報紙防水紙防蝕漆防蝕膠帶等之製造加工買賣業務"
"44","1325","恒大","塑膠工業","各類不織布之產銷"
"45","1326","台化","塑膠工業","純對苯二甲酸、聚苯乙烯、苯乙烯、鄰二甲苯、對二甲苯、苯、"
"46","1402","遠東新","紡織纖維","石化纖維原料、半成品及製成品。"
"47","1409","新纖","紡織纖維","各種合成纖維及各種合成纖維假撚絲之製造及銷售。"
"48","1410","南染","紡織纖維","絲棉毛合成化學纖維織品之印染及樹脂加工定型整理業務"
"49","1413","宏洲化工","紡織纖維","合成化學纖維之製造及加工買賣業務"
"50","1414","東和","紡織纖維","天然纖維紡織及其加工業務。"
"51","1416","廣豐","紡織纖維","家用紡織品進出口銷售業務"
"52","1417","嘉裕","紡織纖維","男女成衣"
"53","1418","東華","紡織纖維","聚丙烯青合成纖維.聚丙烯青梳毛條之製造及內外銷"
"54","1419","新紡","紡織纖維","紡織品及針織品之製造、加工買賣及門市零售業務"
"55","1423","利華羊毛","紡織纖維","毛條(包括炭化羊毛)之製造及銷售業務"
"56","1432","大魯閣","紡織纖維","各種纖維之製造、染色、印花及其他整理加工製品之產銷及買賣業務"
"57","1434","福懋興業","紡織纖維","尼龍多富達布、聚酯布、傘骨槽骨、輪胎簾布、棉紗、人造棉紗"
"58","1435","中福","其他業","倉儲業"
"59","1436","福益","建材營造業","建築"
"60","1437","勤益","半導體業","紡織"
"61","1438","裕豐","建材營造業","紡織工業之產銷及其附屬事業暨投資金融與其他經濟事業。"
"62","1439","中和羊毛","紡織纖維","防縮羊毛之銷售"
"63","1440","南紡","紡織纖維","各種紡織品之製造加工及販賣"
"64","1441","大東紡織","紡織纖維","棉紗，混紡紗，化纖紗"
"65","1442","名軒","建材營造業","營建"
"66","1443","立益紡織","紡織纖維","棉紡業"
"67","1444","力麗","紡織纖維","聚酯纖維加工絲"
"68","1445","大宇紡織","紡織纖維","各種紡織品之製造、加工染整及營銷"
"69","1446","宏和","紡織纖維","紡織"
"70","1447","力鵬","紡織纖維","特多龍"
"71","1449","佳和實業","紡織纖維","纖維紡織品之加工及買賣"
"72","1451","年興紡織","紡織纖維","紡紗業"
"73","1452","宏益","紡織纖維","聚酯加工絲"
"74","1453","大將","紡織纖維","紡織"
"75","1454","台富","紡織纖維","特多龍布"
"76","1455","集盛","紡織纖維","各種纖維絲、人造棉絲、尼龍絲之紡製、"
"77","1456","怡華","紡織纖維","成品布製造買賣"
"78","1457","宜進","紡織纖維","各種人造纖維及其製品之假撚製造加工買賣"
"79","1459","聯發紡織","紡織纖維","各種棉麻毛及合成纖維、化學纖維織品之針織加工製造買賣業務。"
"80","1460","宏遠","紡織纖維","加工絲、追撚絲、胚布、成品布、染整等其他業務"
"81","1463","強盛染整","紡織纖維","染整代工"
"82","1464","得力實業","紡織纖維","各種紡織品之印染、整理加工製造及買賣業務"
"83","1465","偉全實業","紡織纖維","棉、人造棉及各種合成纖維之棉織、針織、紡織加工及買賣。"
"84","1466","聚隆","紡織纖維","尼龍原絲、假撚絲、仿棉絲製造、加工及買賣"
"85","1467","南緯實業","紡織纖維","染紗"
"86","1468","昶和纖維","紡織纖維","各類纖維、極細及超極細纖維絲、各種纖維、極細與超極細布種之織"
"87","1469","理隆纖維","紡織纖維","各種化學纖維.天然纖維之紡紗製造、從原料到成品、製造加工及買賣"
"88","1470","大統染","紡織纖維","染整代工業務"
"89","1471","首利","電子零組件業","加工絲"
"90","1472","三洋紡","紡織纖維","聚丙烯(PP)纖維、聚醯胺(NYLON)纖維、聚酯(PET)纖維"
"91","1473","台南企業","紡織纖維","成衣"
"92","1474","弘裕","紡織纖維","各種塑膠製品之加工製造買賣"
"93","1475","本盟光電","紡織纖維","提花布織造、染整與銷售"
"94","1476","儒鴻","紡織纖維","彈性針織布"
"95","1477","聚陽實業","紡織纖維","成衣業"
"96","1503","士電","電機機械","重電機械類"
"97","1504","東元電機","電機機械","各種電氣、運輸、產業、冷凍空調、電子、事務等及其附件之產銷承裝等"
"98","1506","正道","電機機械","引擎、機車、汽車等及其零件之製造買賣"
"99","1507","永大機電","電機機械","電梯"
"100","1512","瑞利","電機機械","一、電氣、機械、五金、工具及農機、車輛配件製造銷售。二、機車"
"101","1513","中興電","電機機械","供電工程及產品"
"102","1514","亞力電機","電機機械","電機器材、電子產品"
"103","1515","力山","電機機械","工具機及其零件之製造加工買賣"
"104","1516","川飛","其他業","太陽能產品整廠輸出業務。"
"105","1517","利奇機械","電機機械","汽、機車、腳踏車零件之製造、加工及買賣"
"106","1519","華城電機","電機機械","變壓器"
"107","1521","大億","電機機械","經營汽、機車、五金等零件之製造、銷售及進出口貿易業務。"
"108","1522","堤維西","電機機械","汽車燈"
"109","1524","耿鼎公司","電機機械","汽車零件"
"110","1525","江申工業","電機機械","底盤、沖壓零組件"
"111","1526","日馳","電機機械","各種腳踏車之零件機械五金之加工製造買賣業務"
"112","1527","鑽全","電機機械","氣動打釘機及各種氣動機械等之製造加工、裝配買賣."
"113","1528","恩德","電機機械","非金屬電腦數控加工中心"
"114","1529","樂士","電機機械","高低壓配電盤自動控制盤馬達起動盤及試驗儀器設計製造安裝及買賣"
"115","1530","亞崴機電","電機機械","專用機及自動化設備、電腦控制工具機之設計、製造及銷售"
"116","1531","高林股","電機機械","各種縫紉機及其零件之加工製造﹑裝配買賣業務。"
"117","1532","勤美","鋼鐵工業","鑄件業務"
"118","1533","車王電","電機機械","電子零組件製造業(電子點火器、電壓調整器、整流器)；"
"119","1535","中宇","電機機械","環保工程"
"120","1536","和大工業","電機機械","汽、機車、農業機械等之齒輪、軸類製造及買賣。"
"121","1537","廣隆光電","電機機械","各種蓄電池極板製造、買賣、內外銷"
"122","1538","正峰新","電機機械","電動工具及其零件製造買賣"
"123","1539","巨庭機械","電機機械","鑽床.車床.銑床.自動鉋床等機械及其零件.五金工具製造買賣"
"124","1540","喬福機械","電機機械","各種工作母機及其零配件製造加工買賣。"
"125","1541","錩泰","電機機械","主要經營手工具、電腦機械、馬達、電動工具、自動控制系統。"
"126","1560","中砂","電機機械","各種研磨品、各種切削刀具、之製造加工經銷及代理研磨加工"
"127","1603","華電","電器電纜","鋁線、鋁電線電纜、交連聚乙烯電纜及其配件等製造及買賣等業務。"
"128","1604","聲寶","電器電纜","電子.電化等製品之製造.加工.承攬.批發.零售等業務"
"129","1605","華新","電器電纜","電線電纜、鋼線鋼纜及特殊鋼之生產與銷售"
"130","1608","華榮","電器電纜","各種電線電纜及銅製品等之加工、製造、銷售及施工等"
"131","1609","大亞電線","電器電纜","發電輸電配電機械製造業、電線電纜製造業、其他塑膠製品製造業"
"132","1611","中電","電器電纜","電器、照明產品等之製造與銷售及進出口貿易業務、"
"133","1612","宏泰","電器電纜","各種電線、電纜之製造、加工、銷售"
"134","1613","台一","電器電纜","電線電纜及漆包線之產銷"
"135","1614","三洋電","電器電纜","電冰箱、冷氣機、洗衣機、電視機等家電製品製造販賣。"
"136","1615","大山","電器電纜","各項電線電纜之配件、絕緣材料、銅線之製造、加工及銷售。"
"137","1616","億泰","電器電纜","裸銅線、鍍錫線、電子線、電源線、電腦線、隔離線、同軸電纜、PVC電線"
"138","1617","榮星電線","電器電纜","漆包線、鍍錫銅線、電子線、偏向軛、馳返變壓器、消磁線圈、線圈"
"139","1618","合機公司","電器電纜","電線電纜、金屬之製造、加工、銷售"
"140","1701","中化","生技醫療業","一般用藥品、醫療用藥品、動物用藥品、日常用品、醫療器材及儀器"
"141","1702","南僑化工","食品工業","油脂"
"142","1704","榮化","化學工業","聚丙烯及其下游之製造加工及買賣業務"
"143","1707","葡萄王","生技醫療業","藥品製劑、成藥及原料、醫療器材等之製造與買賣。"
"144","1708","東鹼","化學工業","純鹼、小蘇打之買賣業務。"
"145","1709","和益化工","化學工業","烷基苯、正烯烴、壬酚及其衍生物之製造加工及買賣。"
"146","1710","東聯","化學工業","乙二醇、二乙二醇、環氧乙烷、三乙二醇製造與買賣"
"147","1711","永光化學","化學工業","色料化學品、特用化學品、醫藥化學品、電子化學品、奈米材料"
"148","1712","興農","化學工業","農藥"
"149","1713","國化","化學工業","基本化學工業、化學原料批發(零售)業"
"150","1714","和桐化學","化學工業","石油化工原料製造業、其他石油及煤製品製造業"
"151","1715","亞洲化學","塑膠工業","接著劑之製造、加工與買賣。"
"152","1717","長興化學","化學工業","各種工業用合成樹脂之產銷"
"153","1718","中纖","化學工業","人造纖維、聚胺纖維、聚脂纖維、化學品及其原料之製造加工"
"154","1720","生達化學","生技醫療業","人用及動物藥品"
"155","1721","三晃","化學工業","有關油漆、塗料、合成樹脂、顏料、染料中間體之製造加工買賣."
"156","1722","台肥","化學工業","肥料產品"
"157","1723","中碳","化學工業","碳化學及特用化學品之製造及買賣"
"158","1724","台硝","化學工業","化工產品:硝化纖維素電子化學品試藥顏料"
"159","1725","元禎","化學工業","化工原料物流"
"160","1726","永記造漆","化學工業","油漆之製造及內外銷"
"161","1727","中華化學","化學工業","硫酸等及各化學工業原料製造暨零售與成品之買賣。"
"162","1729","必翔實業","生技醫療業","各種殘障用車、電動代步車及其零件製造、加工及買賣業務。"
"163","1730","花仙子","化學工業","家庭日用化學品工業類"
"164","1731","美吾華","生技醫療業","醫藥用品銷售"
"165","1732","毛寶","化學工業","清潔用品、化粧品製造批發及零售;輔助食品批發"
"166","1733","五鼎","生技醫療業","生物技術醫療器材設備製造業"
"167","1734","杏輝藥品","生技醫療業","西藥、抗生素、化妝品之製造加工買賣"
"168","1735","日勝化","化學工業","PU樹脂"
"169","1736","喬山健康","生技醫療業","醫療器材設備製造業、批發業及零售業"
"170","1737","臺鹽","食品工業","鹽產品"
"171","1802","台玻","玻璃陶瓷","平板玻璃之製造與銷售"
"172","1805","寶徠","建材營造業","委託營造廠商興建國民住宅及商業大樓出租出售業務。"
"173","1806","冠軍","玻璃陶瓷","陶瓷及陶瓷製品製造業、石材製品製造業、特定專業區開發業"
"174","1808","潤隆","建材營造業","廢棄物處理業"
"175","1809","中釉","玻璃陶瓷","色釉料"
"176","1810","和成","玻璃陶瓷","住宅設備之製造及銷售"
"177","1902","台紙","造紙工業","紙、漿"
"178","1903","士紙","造紙工業","紙類之生產及運銷"
"179","1904","正隆","造紙工業","紙類之製銷及買賣"
"180","1905","華紙","造紙工業","闊(針)葉樹漂白漿 、 道林紙、 微塗紙、 化工藥品、 肥料"
"181","1906","寶隆","造紙工業","紙類之製造批發零售及國內外採購運銷業務"
"182","1907","永豐餘","造紙工業","一般投資業"
"183","1909","榮成","造紙工業","紙器及紙類之製造、印刷、加工、買賣、代理及進出口業務。"
"184","2002","中鋼","鋼鐵工業","鋼品設計製造買賣儲運及其他相關業務(含輕金屬、尖端材料)"
"185","2006","東和鋼鐵","鋼鐵工業","鋼筋、扁鐵、角鐵、盤元、其他鋼鐵製品之製造加工銷售"
"186","2007","燁興公司","鋼鐵工業","線材"
"187","2008","高興昌","鋼鐵工業","鋼管、鍍鋅鋼管、鋼管樁"
"188","2009","第一伸銅","鋼鐵工業","各種銅製品與銅片之製銷與加工、廢銅鐵之買賣及舊廢船之解體"
"189","2010","春源鋼鐵","鋼鐵工業","鋼板.貨櫃部材.特殊鋼.矽鋼.特帶.鋼結構"
"190","2012","春雨","鋼鐵工業","各種螺絲、螺帽、攻牙螺絲、磨光線材及球狀化線材之製造買賣。各種"
"191","2013","中鋼構","鋼鐵工業","各類型鋼.鋼構架.機械體及水工機械之設計.製造.安裝及技術服務。"
"192","2014","中鴻","鋼鐵工業","鋼捲、鋼管"
"193","2015","豐興鋼鐵","鋼鐵工業","製鋼及軋鋼製造修理並加工買賣"
"194","2017","官田鋼","鋼鐵工業","盤元線材生產及買賣"
"195","2020","美亞鋼管","鋼鐵工業","鋼管製造及銷售"
"196","2022","聚亨","鋼鐵工業","螺絲"
"197","2023","燁輝","鋼鐵工業","酸洗鋼捲、軋延鋼捲、鍍鋅鋼捲、烤漆鋼捲、鋼構工程、起重機"
"198","2024","志聯工業","鋼鐵工業","鋼線、鋼棒、製造加工及買賣"
"199","2025","千興","鋼鐵工業","不銹鋼捲"
"200","2027","大成鋼","鋼鐵工業","生產銷售不銹鋼管製品。"
"201","2028","威致鋼鐵","鋼鐵工業","鋼筋.鋼胚.棒鋼.盤元.廢鋼等鋼製品之製造加工買賣業務"
"202","2029","盛餘","鋼鐵工業","冷軋、鍍鋅、鍍鋁鋅、鍍鋅烤漆及鍍鋁鋅烤漆鋼捲之製造加工及銷售"
"203","2030","彰源","鋼鐵工業","各種不銹鋼管、鋼管、銅管、鋁管之製造加工買賣內外銷業務。"
"204","2031","新光鋼","鋼鐵工業","各種鋼鐵整平裁剪加工買賣"
"205","2032","新鋼工業","鋼鐵工業","不銹鋼板、捲裁切"
"206","2033","佳大世界","鋼鐵工業","預力鋼絞線"
"207","2034","允強","鋼鐵工業","不銹鋼捲(板)裁切及買賣"
"208","2101","南港輪胎","橡膠工業","輪胎生產"
"209","2102","泰豐輪胎","橡膠工業","製造汽車輪胎、三角膠帶、平面膠帶、運輸膠帶、環型帶、軍用戰"
"210","2103","台橡","橡膠工業","SBR、BR、TPE、TPR橡膠。"
"211","2104","中橡","橡膠工業","合成橡膠、合成橡膠加工原料、碳煙及其附屬品之製造銷售與買賣"
"212","2105","正新","橡膠工業","輪胎橡膠製品等"
"213","2106","建大","橡膠工業","各類橡膠輪胎之製造、批發、零售"
"214","2108","南帝化工","橡膠工業","乳膠製造買賣"
"215","2109","華豐橡膠","橡膠工業","橡膠.塑膠製品之製造.加工及內外銷."
"216","2201","裕隆汽車","汽車工業","汽車"
"217","2204","中華汽車","汽車工業","汽車及相關零組件等之製造、銷售"
"218","2206","三陽工業","汽車工業","生產汽車、機車及其零件，引擎、模治具內外銷"
"219","2207","和泰汽車","汽車工業","各種車輛、車輛用冷暖氣機及其零件之裝配、買賣、修理、保養及"
"220","2227","裕隆日產","汽車工業","汽車銷售與研發"
"221","2301","光寶科技","電腦及週邊設備業","電腦資訊系統及週邊設備之製造加工及買賣業務"
"222","2302","麗正","半導體業","各種電子整流二極體及半導體零件，一般精密電子器材製造及銷售。"
"223","2303","聯電","半導體業","積體電路"
"224","2305","全友電腦","電腦及週邊設備業","智慧型影像掃瞄器"
"225","2308","台達電","電子零組件業","開發、設計、製造及銷售電腦、資訊、電機，及其零組件；"
"226","2311","日月光","半導體業","從事各型積體電路之製造、組合、加工、測試及外銷"
"227","2312","金寶電子","其他電子業","消費性電子產品、網路通訊產品及影像產品等之製造、加工、買賣。"
"228","2313","華通","電子零組件業","多層印刷電路板"
"229","2314","台揚科技","通信網路業","衛星通訊系統及器材"
"231","2316","楠梓電","電子零組件業","各類印刷電路板之製造、加工、組裝、銷售及服務."
"232","2317","鴻海","其他電子業","電腦系統設備及其週邊之連接器等"
"233","2321","東訊","通信網路業","局用傳輸設備"
"234","2323","中環","光電業","光碟片、3.5吋磁碟片及有關塑膠殼子製造加工與買賣"
"235","2324","仁寶電腦","電腦及週邊設備業","3C電子產品之研發、設計、產製及銷售。"
"236","2325","矽品","半導體業","1.積體電路、電晶體、發光二極體數字顯示板、發光二極"
"237","2327","國巨","電子零組件業","被動元件、電阻原料半成品"
"238","2328","廣宇","電子零組件業","電腦週邊產品"
"239","2329","華泰電子","半導體業","積體電路、各種半導體零組件、各種電子、電腦及通訊線路板"
"240","2330","台積電","半導體業","依客戶之訂單與其提供之產品設計說明，以從事製造與銷售積體電路"
"241","2331","精英","電腦及週邊設備業","電腦主機板、桌上型電腦等之生產及銷售。"
"242","2332","友訊科技","通信網路業","主要銷售自有品牌之網路集線器、交換器、"
"243","2337","旺宏","半導體業","積體電路、各種半導體零組件，及其系統應用產品之"
"244","2338","光罩","半導體業","光罩之研究.發展.製造及銷售."
"245","2340","光磊","光電業","有關光電半導體元件製造與銷售"
"1517","4415","美嘉電","其他電子業","電子產品"
"247","2342","茂矽","半導體業","1. 研究、設計、發展、測試、製造及銷售各種大型、超大型積體電"
"248","2344","華邦電","半導體業","1積體電路2半導體記憶零組件及其系統產品3電腦系統用、數位通訊"
"249","2345","智邦科技","通信網路業","1.CC01060 2.CC01070 3.F401030 4.研發開發製造銷售:電腦網路"
"250","2347","聯強國際","電子通路業","電子零組件、資訊產品及通訊產品代理銷售"
"251","2348","力廣","其他業","影像掃瞄器、電腦系統、多媒體、軟體及其相關國際貿易業"
"252","2349","錸德科技","光電業","光碟片、影碟片、組裝機器、光電產品"
"253","2351","順德","半導體業","半導體導線架"
"254","2352","佳世達","電腦及週邊設備業","顯示器事業、 投影事業、"
"255","2353","宏碁","電腦及週邊設備業","從事資訊產品、軟體及維修服務之通路銷售"
"256","2354","鴻準","其他電子業","電腦終端機顯示器及有關零組件之加工製造銷售業務"
"257","2355","敬鵬","電子零組件業","1.電子用印刷線路板及電子材料之製造加工買賣業務"
"258","2356","英業達","電腦及週邊設備業","筆記型電腦"
"259","2357","華碩","電腦及週邊設備業","電腦主機板、3D繪圖卡、網路卡SCSI、"
"260","2358","美格","電腦及週邊設備業","鋁合金產品"
"261","2359","所羅門","其他電子業","電子零件、映射管等半導體產品代理"
"262","2360","致茂電子","其他電子業","精密電子量測儀器"
"264","2362","藍天","電腦及週邊設備業","筆記型電腦"
"265","2363","矽統科技","半導體業","研究開發、生產、製造、銷售各種特殊應用積體電路"
"266","2364","倫飛電腦","電腦及週邊設備業","製造買賣筆記型電腦"
"267","2365","昆盈企業","電腦及週邊設備業","電腦週邊設備之製造及買賣"
"268","2367","燿華","電子零組件業","印刷電路板"
"269","2368","金像電","電子零組件業","單面、雙面、多層及軟性印刷電路板之製造加工及買賣業務。"
"270","2369","菱生","半導體業","積體電路封裝.積體電路測試"
"271","2371","大同","電機機械","電力產品"
"272","2373","震旦行","其他電子業","辦公室自動化設備、系統辦公家具等"
"273","2374","佳能","光電業","數位電子照相機、光學產品"
"274","2375","智寶","電子零組件業","電子電機製品及其生產設備器材零件類；通信器材零件類；"
"275","2376","技嘉","電腦及週邊設備業","電腦硬體及其零件之製造加工及買賣"
"276","2377","微星科技","電腦及週邊設備業","有關各種電腦硬體軟體之設計及其成品與零組件製造買賣業務"
"277","2379","瑞昱","半導體業","研究開發生產、製造、銷售各種積體電路"
"278","2380","虹光精密","電腦及週邊設備業","數位辦公設備"
"1515","6442","光聖","通信網路業",
"280","2382","廣達","電腦及週邊設備業","電子"
"281","2383","台光電子","電子零組件業","銅箔基板"
"283","2385","群光電子","電子零組件業","鍵盤製造及銷售"
"284","2387","精元電腦","電腦及週邊設備業","電腦及其附屬設備軟硬體之設計製造加工買賣"
"285","2388","威盛電子","半導體業","設計、製造、測試、銷售積體電路、半導體記憶零件組等"
"286","2390","云辰","其他電子業","各型家用防盜系統、燈控系統及防盜配件之製造加工買賣業務"
"287","2392","正崴","電子零組件業","連接器之研發、製造與銷售"
"288","2393","億光電子","光電業","電子製品之加工製造買賣業務"
"289","2395","研華","電腦及週邊設備業","工業測控產品"
"290","2397","友通資訊","電腦及週邊設備業","電腦主機板、工業用電腦及特殊專用平台(ACP)"
"291","2399","映泰","電腦及週邊設備業","電腦主機板"
"292","2401","凌陽科技","半導體業","各種積體電路及模組之設計.製造.測試及銷售"
"293","2404","漢唐","其他電子業","半導體、光電等高科技廠房整廠、無塵室、控制、機電、特殊製程"
"294","2405","浩鑫","電腦及週邊設備業","微電腦及其週邊設備開發製造及買賣業務等."
"295","2406","國碩科技","光電業","太陽能矽晶片.可錄式光碟片.及其原料.半成品、零組件買賣"
"296","2408","南科","半導體業","電子零組件製造業"
"297","2409","友達","光電業","液晶顯示器"
"298","2412","中華電","通信網路業","第一、二類電信事業"
"299","2413","環科","電子零組件業","電磁零件、交換式電源供應器"
"300","2414","精技電腦","電子通路業","電腦及電腦週邊產品之通路經營"
"301","2415","錩新","電子零組件業","生產銷售揚聲器零件"
"302","2417","圓剛","電腦及週邊設備業","數位視訊產品系列之設計、製造、加工及買賣。"
"303","2419","仲琦","通信網路業","通訊、電信產品"
"304","2420","新巨","電子零組件業","微動開關"
"305","2421","建準電機","電子零組件業","交直流工業用扇、電扇、吹排風機、馬達及零件之加工製造買賣。"
"306","2423","固緯","其他電子業","儀器"
"307","2424","隴華電子","電腦及週邊設備業","數位機上盒（IP STB）之研發、製造及銷售"
"308","2425","承啟","電腦及週邊設備業","一般進出口貿易業務"
"309","2426","鼎元","光電業","砷化鎵、 紅外線、 發光二極體、 雷射二極體、 光電晶體、 光二極體、"
"310","2427","三商電腦","資訊服務業","一般電腦事務機器、各型電腦及其有關設備、各種有無線電通訊器材"
"311","2428","興勤電子","電子零組件業","機械陶瓷.熱敏電阻.變阻體.陶瓷電容器製造加工買賣"
"312","2429","銘旺科","電子零組件業","PCB專業製造"
"313","2430","燦坤實業","電子通路業","零售3C(家電、通訊、電腦)百貨商品"
"314","2431","聯昌電子","電子零組件業","A/I"
"315","2433","互盛電","其他電子業","事務機器電腦傳真機之買賣進出口修理及出租業務"
"316","2434","統懋","半導體業","必v電晶體、半導體、電子資訊處理設備之製造、加工及銷售"
"317","2436","偉詮電","半導體業","研發生產銷售數位類比混合式特殊應用IC。"
"318","2437","旺詮","電子零組件業","電阻器"
"319","2438","英誌企業","光電業","電腦及伺服器機殼"
"320","2439","美律","通信網路業","免持聽筒、揚聲器、藍芽耳機、通信用麥克風及其他電子零件"
"321","2440","太空梭","電子零組件業","3C產品用線"
"322","2441","超豐電子","半導體業","各種積體電路之封裝、測試及相關業務"
"323","2442","新美齊","電腦及週邊設備業","高附加價值電腦監視器之設計、製造與銷售。"
"324","2443","新利虹","電子零組件業","電腦軟硬體及週邊設備、光碟片製造加工及買賣業務"
"325","2444","友旺科技","通信網路業","研究開發、生產、製造、銷售名片型個人電腦網路"
"326","2448","晶電","光電業","磷化鋁鎵銦磊晶片與晶粒(AlGaInP EPI WAFER &amp; CHIPS)"
"327","2449","京元電","半導體業","各種積體電路之設計.製造.測試.配件.加工.包裝.買賣業務"
"328","2450","神腦","通信網路業","通訊產品之代理及買賣"
"329","2451","創見資訊","半導體業","電腦等數位產品之記憶體擴充卡"
"330","2453","凌群","資訊服務業","電腦系統之出租與銷售、電腦系統整合及電腦軟硬體維護等"
"331","2454","聯發科","半導體業","多媒體IC 、電腦週邊IC、高階消費性IC、其他特殊應用IC"
"332","2455","全新","通信網路業","CC01080電子零組件製造業。"
"333","2456","奇力新","電子零組件業","電氣器材之製造"
"334","2457","飛宏科技","電子零組件業","電源供應器"
"335","2458","義隆","半導體業","類神經網路及模糊處理器、數位訊號處理器"
"336","2459","敦吉","電子通路業","電子零組件之買賣"
"337","2460","建通精密","電子零組件業","精密電子產品及其零件、電器類機器之製造、加工"
"338","2461","光群雷射","其他電子業","全像術及光電相關產品"
"339","2462","良得電","電子零組件業","電腦系統及電器類電源傳輸線組.資訊週邊產品訊號聯結線"
"340","2464","盟立","其他電子業","設計.開發.生產.製造及銷售下列產品:自動化設備系統及其零組件、"
"341","2465","麗臺科技","電腦及週邊設備業","電腦產品"
"342","2466","冠西電","光電業","光電繼電器、光耦合器、磁簧繼電器、磁簧感應器、固態繼電器"
"343","2467","志聖工業","電子零組件業","印刷電路板業製程設備：光阻製程設備、光固化/曝光製程設備.."
"344","2468","華經","資訊服務業","系統整合、軟體服務、電腦諮詢顧問"
"345","2471","資通","資訊服務業","應用套裝軟體之分析.設計.修改.安裝及維護等業務."
"346","2472","立隆電子","電子零組件業","各種電子器材之製造、裝配及買賣業務"
"1514","4763","F-材料","化學工業",
"348","2474","可成科技","其他電子業","筆記型電腦外殼內構件及散熱模組、數位相機、硬碟機、PDA"
"349","2475","華映","光電業","平板顯示器"
"350","2476","鉅祥","電子零組件業","連續沖壓精密金屬零件與連續沖壓模具"
"351","2477","美隆電","其他電子業","家用、車用、多媒體及專業用影音電子產品之設計研發、製造及買賣"
"352","2478","大毅","電子零組件業","厚膜晶片電阻、電阻網路、積體電路等零阻件製造加工、買賣業務。"
"353","2480","敦陽科技","資訊服務業","電腦系統、電腦週邊、網路產品及電腦軟體之規劃、銷售及整合。"
"354","2481","強茂","半導體業","整流二極體之生產製造、銷售及進出口業務"
"355","2482","連宇","其他電子業","讀卡機及銷售點終端機之製造、銷售及買賣業務。"
"356","2483","百容","電子零組件業","程式開關"
"357","2484","希華","電子零組件業","石英晶體之製造加工買賣"
"358","2485","兆赫電子","通信網路業","數位有線視訊傳輸系統"
"359","2486","一詮精密","光電業","各種機械及零件精密模具及策略性工業之沖壓產品"
"360","2488","漢平","其他電子業","電器製造業.照明設備製造業.資料儲存及處理設備製造業."
"361","2489","瑞軒","光電業","TFT-LCD液晶顯示器之設計、製造與銷售"
"362","2491","吉祥全","光電業","光學資訊相關產品"
"363","2492","華新科","電子零組件業","積層陶瓷或圓板電容，電阻，電感、高頻/射頻元件模組製造及銷售"
"364","2493","揚博科技","電子零組件業","印刷電路板(PCB)製程、檢測設備及製程用各式化學藥水."
"365","2495","普安","其他電子業","個人電腦及週邊設備設計研究開發，製造及買賣業務．"
"366","2496","卓越成 ","通信網路業","開發、製造、銷售光纖、光纜及光通信元件、系統"
"367","2497","怡利電子","其他電子業","汽車電子"
"368","2498","宏達電","通信網路業","掌上型電腦與智慧型手機之設計、生產與製造"
"369","2499","東貝光電","光電業","光電元件、零組件、成品、系統設備製造及買賣業務 。"
"370","2501","國建","建材營造業","興建國宅與商業大樓之出租出售"
"371","2504","國產","建材營造業","預拌混凝土"
"372","2505","國揚實業","建材營造業","委託營造廠商興建國民住宅、商業大樓出租出售"
"373","2506","太設","建材營造業","承攬代辦土木建築工程"
"374","2509","全坤建","建材營造業","建築業"
"375","2511","太子","建材營造業","國民住宅及商業大樓等之委託興建及經營租售"
"376","2514","龍邦國際","其他業","委託營造廠商興建國民住宅、商業大樓出租出售業務"
"377","2515","中工","建材營造業","國內外土木工程業務"
"378","2516","新亞","建材營造業","土木工程：承辦各種道路.橋樑.隧道.運河等土木工程"
"379","2520","冠德","建材營造業","委託營造廠商興建國民住宅及商業大樓出租出售業務。"
"380","2524","京城","建材營造業","H701010住宅及大樓開發租售業。"
"381","2527","宏璟","建材營造業","委託營造廠商興建國民住宅及商業大樓出租出售業務"
"382","2528","皇普建設","建材營造業","委託營造廠商興建商業大樓及國民住宅出租、出售業務"
"383","2530","華建","建材營造業","委託營造廠商興建商業大樓出租出售業務"
"384","2534","宏盛","建材營造業","委託營造廠興建國民住宅及商業大樓出售出租業務"
"385","2535","達工","建材營造業","捷運、道路等交通工程統包及總承包"
"386","2536","宏普建設","建材營造業","營建"
"387","2537","聯上開發","建材營造業","委託營造廠商興建國民住宅及商業辦公大樓出租出售業務。"
"388","2538","基泰建設","建材營造業","委託營造廠商興建商業大樓及國民住宅出售、出租業務(營造廠除外)"
"389","2539","櫻花建設","建材營造業","委託營造廠商興建國民住宅及商業大樓之出租出售業務"
"390","2540","金尚昌","建材營造業","(所營事業第8條)委託營造廠商興建國民住宅出租、出售業務."
"391","2542","興富發","建材營造業","委託營造廠商興建商業大樓及國民住宅出租、出售業務。"
"392","2543","皇昌營造","建材營造業","土木建築工程之承攬業務"
"393","2545","皇翔","建材營造業","委託營造廠商興建住宅、商業大樓出租出售業務"
"394","2546","根基","建材營造業","土木、建築、水利及整地工程之承攬。"
"395","2547","日勝","建材營造業","委託營造廠商興建國民住宅商業大樓出租出售業務"
"396","2548","華固建設","建材營造業","委託營造廠商興建商業大樓、國民住宅及廠辦之出租及出售"
"397","2601","益航","貿易百貨業","經營國內外航運及其有關之附屬業務"
"398","2603","長榮海運","航運業","G301011船舶運送業、G401011船務代理業"
"399","2605","新興","航運業","船舶運送業"
"400","2606","裕民","航運業","船舶運送"
"401","2607","榮運","航運業","汽車貨櫃貨運業"
"402","2608","嘉里大榮","航運業","汽車貨運業、汽車路線貨運業、汽車貨櫃貨運業"
"403","2609","陽明海運","航運業","國內外水上貨運、客運業務之經營"
"404","2610","華航","航運業","客運、貨運、郵運"
"405","2611","志信","航運業","貨櫃運輸"
"406","2612","中航","航運業","散裝貨輪運輸業(百分之百轉投資海外子公司)"
"407","2613","中櫃","航運業","經營港埠碼頭貨櫃集散站"
"408","2614","東森","貿易百貨業","倉儲業務之經營及大宗物資進口買賣業務"
"409","2615","萬海","航運業","船舶運送業"
"410","2616","山隆通運","油電燃氣業","汽車貨櫃貨運業"
"411","2617","台航","航運業","海運服務業"
"412","2618","長榮航","航運業","國際航線之定期及不定期航空客貨運輸業務"
"413","2701","萬企","觀光事業","育樂"
"414","2702","華園","觀光事業","國際觀光旅館客房出租"
"415","2704","國賓","觀光事業","國際觀光大飯店附設 飲等業務"
"416","2705","六福","觀光事業","國際觀光旅館. 飲.電影院.主題遊樂園"
"417","2706","第一店","觀光事業","觀光旅館業務"
"418","2707","晶華酒店","觀光事業","經營國際觀光旅館;附中西 廳咖啡廳夜總"
"419","2801","彰化銀行","金融保險業","存、放款、外匯及其他銀行業可辦業務"
"420","2809","京城銀行","金融保險業","收受支票存款及其他各種存款、辦理短中長期放款、票據貼現."
"421","2812","台中銀行","金融保險業","銀行相關事業"
"422","2816","旺旺保險","金融保險業","火險、水險、汽車險、承保其他損失責任及再保險、代理其他公司"
"423","2820","華票","金融保險業","H102011票券金融業"
"424","2823","中壽","金融保險業","人身保險"
"425","2832","台產","金融保險業","產物保險"
"427","2834","臺灣企銀","金融保險業","存款、授信、外匯、投資、信託、個人理財等金融業務"
"428","2836","高銀","金融保險業","代理市庫、存款、授信、外匯、信託、投資等金融業務"
"430","2838","聯邦銀行","金融保險業","收受存款、辦理放款、票據貼現、匯兌、承兌、保證、開發信用狀業"
"431","2841","台灣土地","建材營造業","土地及工業區投資開發業務"
"432","2845","遠東商銀","金融保險業","收受存款、辦理放款、保證"
"434","2849","安泰銀行","金融保險業","經營銀行法規定之商業銀行業務"
"435","2850","新產","金融保險業","財產保險"
"436","2851","中再保","金融保險業","H501031再保險業"
"437","2852","第一保","金融保險業","財產保險"
"438","2855","統一證券","金融保險業","承銷有價證券 自行買賣有價證券 受託買賣有價證券"
"439","2856","元富證券","金融保險業","證券經紀業務"
"440","2901","欣欣大眾","貿易百貨業","百貨業"
"441","2903","遠百","貿易百貨業","買賣環球百貨及經營超級市場"
"442","2904","匯僑","其他業","港埠石化品之裝卸及儲轉業務"
"443","2905","三商行","貿易百貨業","進出口貿易、生活百貨、電子產品、速食 飲、"
"444","2906","高林實","貿易百貨業","國際貿易"
"445","2908","特力","貿易百貨業","一般進出口貿易業務及其有關之國內外買賣業務( 可業務除外)"
"446","2910","統領","貿易百貨業","百貨零售業"
"447","2911","麗嬰房","貿易百貨業","成衣服飾製造及買賣業務"
"448","2912","統一超","貿易百貨業","超級商店之經營;煙酒.家庭用品之零售"
"449","2913","台灣農林","貿易百貨業","茶葉&amp;進出口貿易"
"450","2915","潤泰全球","貿易百貨業","天然棉．纖維．紡織品之製造加工染整印花營銷及進出口貿易業務"
"451","3002","歐格電子","電腦及週邊設備業","電源供應產品"
"452","3003","健和興","電子零組件業","端子"
"453","3004","豐達科技","鋼鐵工業","飛機用及船舶用扣件、結構件之製造、加工、代理及買賣業務"
"454","3005","神基科技","電腦及週邊設備業","研究、設計、開發、生產、製造、銷售下列產品："
"455","3006","晶豪科技","半導體業","動、靜態隨機存取記憶體(DRAM/SRAM)、快閃記憶體(FLASH)"
"456","3008","大立光","光電業","各式光學鏡頭模組"
"457","3010","華立","電子通路業","半導體製程用材料及設備、資訊通訊用材料及設備。"
"458","3011","今皓","電子零組件業","有關電腦及其週邊產品、電子消費性與通訊用產品之連接線"
"459","3013","晟銘電子","電腦及週邊設備業","PC、NB、SERVER、LCD TV 及MONITOR等機構沖壓射出組裝銷售"
"460","3014","聯陽","半導體業","電腦週邊控制IC"
"461","3015","全漢","電子零組件業","電源供應器之製造銷售"
"462","3016","嘉晶","半導體業","磊晶矽晶圓之研發.生產.及銷售"
"463","3017","奇鋐科技","電腦及週邊設備業","3C電子產品"
"464","3018","同開科技","其他電子業","超潔淨無塵室工程"
"465","3019","亞洲光學","光電業","照相機、距離計、攝影機、望遠鏡、顯微鏡、複印機"
"466","3021","衛展資訊","電子零組件業","伺服主機/工作站、儲存設備/電腦週邊、電腦軟體代理銷售"
"467","3022","威達電","電腦及週邊設備業","本公司為全球工業電腦之供應廠商，專門設計、生產、及銷售各種網"
"468","3023","信邦電子","電子零組件業","各種電子零件加工、製造及其成品之買賣業務"
"469","3024","憶聲電子","光電業","液晶顯示播放器"
"470","3025","星通","通信網路業","網路存取設備產品群"
"471","3026","禾伸堂","電子零組件業","被動元件"
"472","3027","盛達電業","通信網路業","電源供應器和LED驅動器等零組件設計製造和銷售業務"
"473","3028","增你強","電子通路業","各種電子零件、組件之進出口業務"
"474","3029","零壹科技","資訊服務業","網路軟體.硬體產品之代理製造及開發"
"475","3030","德律科技","其他電子業","組裝電路板自動檢測設備暨相關治具"
"476","3031","佰鴻工業","光電業","電子工業"
"477","3032","偉訓科技","電子零組件業","電源供應器等資訊產品"
"478","3033","威健","電子通路業","電子零組件暨周邊設備之代理銷售"
"479","3034","聯詠","半導體業","研究、開發、製造、銷售下列產品:A.通訊積體電路B.內嵌式微控制"
"480","3035","智原","半導體業","特殊應用積體電路設計(ASIC)"
"481","3036","文曄科技","電子通路業","電子零組件、成品之加工、製造、研究開發、買賣及進出口業務。"
"482","3037","欣興電子","電子零組件業","PCB製造"
"483","3038","全台","光電業","LCD液晶顯示器及電容式觸控面板及模組"
"484","3040","遠見","其他業","消費性電子產品及組件"
"485","3041","揚智","半導體業","周邊及多媒體晶片"
"486","3042","晶技","電子零組件業","插件式石英晶體及石英晶體振盪器之製造加工買賣"
"487","3043","科風","其他電子業","不斷電電源供應器"
"488","3044","健鼎科技","電子零組件業","印刷電路板"
"489","3045","台灣大","通信網路業","通訊業"
"490","3046","建碁","電腦及週邊設備業","零組件事業產品"
"491","3047","訊舟科技","通信網路業","電子零件、電腦及週邊設備與其配件之製造修理買賣業務"
"492","3048","益登","電子通路業","代理銷售半導體零組件及相關研發業務"
"493","3050","鈺德科技","光電業","光碟服務產品"
"494","3051","力特光電","光電業","偏光板"
"495","3052","夆典","建材營造業","營建工程"
"496","3054","萬國科技","半導體業","電子零組件製造業"
"497","3055","蔚華科技","電子通路業","半導體設備代理、技術諮詢與維修服務應用軟體支援等"
"498","3056","總太地產","建材營造業","營建收入"
"499","3057","喬鼎資訊","電腦及週邊設備業","研究開發生產製造銷售電腦儲存設備高效能控制卡及系統、電腦高效"
"500","3058","立德電子","電子零組件業","交換式電源供應器、變壓器及電源轉換器之生產銷售及買賣"
"501","3059","華晶科技","光電業","CC0108 電子零組件製造業。"
"502","3060","銘異","電腦及週邊設備業","音圈馬達"
"504","3062","建漢科技","通信網路業","研究開發生產製造及銷售下列產品:1.寬頻網際網路存取路由器"
"505","3189","景碩科技","半導體業","電子零組件製造業"
"506","3231","緯創","電腦及週邊設備業","3C電子產品"
"507","3311","閎暉","通信網路業","按鍵產品"
"508","3356","奇偶科技","光電業","數位監控系統"
"509","3380","明泰科技","通信網路業","電信管制射頻器材製造業"
"510","3406","玉晶光","光電業","各類光學鏡頭、鏡片研發及生產製造。"
"511","3701","大眾投控","電腦及週邊設備業","H201010一般投資業"
"512","3702","大聯大","電子通路業","一般投資業"
"513","4106","雃博","生技醫療業","醫療用褥瘡氣墊床組"
"514","4119","旭富製藥","生技醫療業","原料藥、原料藥中間體、特殊及精密化學品之加工、製造及銷售"
"515","4414","如興","紡織纖維","針織、梭織、棉、毛、皮等成衣褲製造、加工、買賣及進出口業務"
"516","4526","東台","電機機械","各種工作母機機械工具與電腦組件之製造加工及銷售"
"517","4532","瑞智精密","電機機械","其他機械製造業(壓縮機、機械零組件)"
"518","4904","遠傳","通信網路業","行動電話業務"
"519","4906","正文","通信網路業","無線區域網路產品類"
"520","5203","訊連","資訊服務業","多媒體影音軟體之開發與銷售"
"521","5305","敦南科技","半導體業","整流器"
"522","5434","崇越科技","電子通路業","半導體與光電相關產品"
"523","5469","瀚宇博德","電子零組件業","電子零組件製造業"
"524","5471","松翰科技","半導體業","1.半導體之研發、設計製造、買賣經銷及進出口貿易業務2.電腦程"
"525","5484","慧友電子","光電業","CCD電子攝影機、影像處理器"
"526","5515","建國工程","建材營造業","設計.監修承造各種大小工程"
"527","5525","順天建設","建材營造業","經營委託營造廠商興建國民住宅及商業大樓之出租出售業務"
"528","5531","鄉林建設","建材營造業","委託營造廠興建國民住宅、商業大樓出租或出售"
"529","5534","長虹","建材營造業","投資興建國民住宅、工業廠房、廠辦及商業大樓出租出售"
"530","5607","遠雄港","航運業","一般投資業"
"531","5608","四維航業","航運業","船務代理業。"
"532","6005","群益證","金融保險業","在集中交易市場及其營業處所受託買賣與自行買賣有價證券。"
"533","6112","聚碩","資訊服務業","網際網路及通訊設備軟硬體"
"534","6115","鎰勝","電子零組件業","資訊、通訊及消費性電子產品之電源線連接器、電源傳輸線、網路線"
"535","6116","彩晶","光電業","平面顯示器製造及買賣"
"536","6117","迎廣科技","電腦及週邊設備業","電腦機殼、電腦及其週邊設備、塑膠成品等之加工製造及買賣"
"537","6128","上福全球","電腦及週邊設備業","感光鼓齒輪、碳粉匣等資訊週邊事務機器相關零組件耗材"
"538","6131","悠克電子","光電業","攝影機、影像處理器及相關附屬設備"
"539","6133","金橋科技","電子零組件業","連接器及連接線(組)"
"540","6136","富爾特","通信網路業","通信網路業"
"541","6139","亞翔工程","其他電子業","工業機電系統整合工程"
"542","6141","柏承科技","電子零組件業","印刷電路板製造"
"543","6142","友勁科技","通信網路業","1.研發、生產、製造、加工等及銷售電腦網路系統設備及其零組件"
"544","6145","勁永國際","電子通路業","IA 產品"
"545","6165","捷泰精密","電子零組件業","各種精密機械精密零件及精密儀器之裝配加工製造及買賣業務與有關"
"546","6166","凌華科技","電腦及週邊設備業","通訊暨電腦產品"
"547","6168","宏齊科技","光電業","表面黏著發光二極體之生產與銷售"
"548","6172","互億科技","電腦及週邊設備業","電腦週邊設備"
"549","6184","大豐電","其他業","有線電視系統之經營"
"550","6189","豐藝電子","電子通路業","電子零群群組件之代理經銷及模群群組之研發及銷售"
"551","6192","巨路國際","其他電子業","提供電子及通信元件之經銷代理"
"552","6196","帆宣科技","其他電子業","代理半導體、光電等高科技產業製程所需材料與設備之代理銷售、安"
"553","6197","佳必琪","電子零組件業","連接器及線組 Connector &amp; Cable"
"554","6201","亞弘電","其他電子業","專業音訊產品"
"555","6202","盛群","半導體業","各種積體電路之研究、設計開發、製造及銷售。"
"556","6206","飛捷","電腦及週邊設備業","端點銷售系統 POS  SYSTEM"
"557","6209","今國光學","光電業","光學鏡片、光學鏡頭之製造"
"558","6216","居易","通信網路業","製造及銷售有線無線通信機械器材、電信器材及資訊軟體服務"
"559","6225","天瀚","光電業","微型投影機/數位相機/ 數位攝影機/ 彩色電子童書"
"560","6235","華孚科技","電腦及週邊設備業","鎂合金射出成型及鋁合金壓鑄之各類零組件或成品"
"561","6239","力成","半導體業","積體電路與半導體元件之測試服務"
"562","6257","矽格","半導體業","CC01080  電子零組件製造業。"
"563","6269","台郡科技","電子零組件業","加成(Build-up)銅箔基層板之製造"
"564","6277","宏正科","電腦及週邊設備業","網路管理與電腦週邊之設備研發、製造及銷售"
"565","6281","全國電","電子通路業","電視機等家用電器通訊器材燈具及其有關器材零組件之買賣業務"
"566","6282","康舒","電子零組件業","交換式電源供應器之研發設計、製造及銷售"
"567","6285","啟碁科技","通信網路業","衛星通訊系列產品"
"569","6289","華上光電","光電業","電子零組件製造業"
"570","6505","台塑石化","油電燃氣業","石油化工原料製造業(C801020)"
"571","6605","帝寶工業","電機機械","汽車車燈"
"573","8016","矽創電子","半導體業","各種積體電路之設計、製造、測試及銷售"
"574","8072","陞泰","光電業","監視防盜系統製造、按裝、銷售及進口貿易業務"
"576","8249","菱光科技","電子零組件業","電子零組件製造業"
"577","8926","台汽電","油電燃氣業","非屬公用之發電業務"
"578","9902","台火","其他業","國際貿易業。"
"579","9904","寶成工業","其他業","各種運動鞋.皮鞋.塑膠鞋.橡膠鞋.布鞋.塑膠發泡板等"
"580","9905","大華金","其他業","各種金屬之印刷塗漆、容器、模具之製造加工及買賣."
"581","9906","興達","建材營造業","衛浴設備買賣"
"582","9907","統一實業","其他業","各種鐵皮印花製罐及其原料鍍製鋼片加工製造原料鋼板加工製造"
"583","9908","大台北","油電燃氣業","1.瓦斯之供應2.瓦斯設備裝置工程及有關器材製造及供應"
"584","9910","豐泰企業","其他業","製鞋、機械設備製造、模具製造"
"585","9911","台灣櫻花","其他業","除油煙機.瓦斯爐.熱水器.系統廚具"
"586","9912","偉聯","電腦及週邊設備業","液晶螢幕顯示器及其配件銷售業"
"587","9914","美利達","其他業","自行車及其零組件製造買賣."
"588","9917","中保","其他業","保全業"
"589","9918","欣天然","油電燃氣業","以導管輸送可燃天然氣供應非工業用燃料"
"590","9919","康那香","其他業","各類紙製品及棉料化學纖維加工製品之製造買賣業務"
"591","9921","巨大機械","其他業","自行車及零配件製造、加工與銷售。"
"592","9924","台灣福興","其他業","1.金屬家具製造及銷售2.門鎖及門用金屬品(關門器)製造銷售"
"593","9925","新光保全","其他業","防盜、防火、防災之安全維護"
"594","9926","新海瓦斯","油電燃氣業","天然氣之供應、燃氣導管安裝工程，相關器材之製造及供應。"
"595","9927","泰銘","其他業","鉛錠、鉛合金錠、紅丹粉、黃丹粉、氧化鉛等製造加工買賣"
"596","9928","中視","其他業","設立與經營電視播送系統"
"597","9929","秋雨","其他業","印刷;製版;印刷品裝訂及加工業 ;攝影業"
"598","9930","中聯資源","其他業","爐石資源化應用有關產品之製造、加工、代工生產、買賣及進出口。"
"599","9931","欣高","油電燃氣業","以導管輸送天然氣"
"600","9933","中鼎工程","其他業","工程規劃、設計、採購、建造、專案管理、設備製作、監理"
"601","9934","成霖企業","其他業","水龍頭及其零件、衛浴配件及其零件、機械設備及零件之製造加工及買"
"602","9935","慶豐富","其他業","各種百葉窗.百摺簾等窗簾製品及有關附屬零件製造加工內外銷"
"603","9937","全國","油電燃氣業","經營加油站供售汽、柴油"
"604","9938","台灣百和","其他業","產銷尼龍或多元酯鉤狀、環狀、高度科技黏扣帶等項產品及其原物料"
"605","9939","宏全","其他業","PET耐熱結晶瓶、飲料充填代工、電池罐體電子零組件"
"606","9940","信義房屋","其他業","房屋買賣之居間仲介"
"607","9941","裕融企業","其他業","汽車分期付款買賣業務"
"608","9942","茂順","其他業","汽車、機車、機械、交通器材用油封之加工製造及進出口業務"
"609","9943","好樂迪","觀光事業","提供伴唱視聽供人唱歌"
"610","9944","新麗企業","其他業","不織布之製造加工及買賣"
"611","9945","潤泰創新","其他業","委託營造廠興建國民住宅．商業大樓出租出售業務"
"612","1333","恩得利","電子零組件業","塑膠日用品、工業用塑膠製品製造及進出口貿易業務"
"613","1565","精華光學","生技醫療業","隱形眼鏡(軟片硬片)光學鏡片及其附屬用品之加工製造買賣。"
"614","1569","濱川","電腦及週邊設備業","1.消費性電子產品、包括家庭劇院、環繞式音響及DVD之機構件等。"
"615","1570","力肯實業","電機機械","各種氣動工具、手動工具、電動工具、機械等製造加工買賣。"
"616","1742","台蠟","化學工業","軟蠟、硬蠟、凡士林原料之製造"
"617","1777","生泰","生技醫療業","中.西及動物藥品、環境衛生藥品及化妝品之製造加工及販賣業務"
"618","1781","合世生醫","生技醫療業","電子血壓計"
"619","1785","光洋科","其他電子業","貴金屬材料"
"620","1787","福盈科","化學工業","紡織染整、皮革、造紙、電子、混凝土等工業用助劑及清潔劑"
"621","1815","富喬工業","電子零組件業","電子級玻璃纖維"
"622","2059","川湖","電子零組件業","研發、設計、製造和銷售伺服器等用導軌及其週邊零組件生產及買賣"
"623","2916","滿心企業","貿易百貨業","各種成衣針織品製造買賣業務"
"624","3064","泰偉電子","其他電子業","資料儲存及處理設備製造業"
"625","3066","李洲科技","光電業","發光二極體指示燈"
"626","3067","全域","其他電子業","PHONIC 專業音響之製造及全球行銷"
"628","3071","協禧電機","電腦及週邊設備業","熱源處理及冷卻風扇"
"629","3078","僑威科技","電子零組件業","資訊用電源供應器制造買賣/工業用電源制造買賣"
"631","3083","中華網龍","資訊服務業","電子資訊供應服務業"
"632","3085","久大","資訊服務業","電腦廣告設計製作電腦網路架設企業資料庫系統建置軟體設計"
"633","3086","華義國際","文化創意業","電腦軟硬體程式之設計買賣"
"635","3088","艾訊","電腦及週邊設備業","應用電腦平台與網路通訊設備"
"636","3089","展成科技","電子零組件業","電解電容器零件、材料之製造加工及買賣業務"
"637","3090","日電貿","電子零組件業","電子零件組件及其材料之製造加工及買賣業務。"
"638","3093","港建","其他電子業","印刷電路板設備之銷售代理及售後服務。"
"639","3095","及成","通信網路業","各種精密五金、塑膠電子零組件、精密嵌件(INSERT PARTS)之產製。"
"640","3114","好德科技","電子零組件業","電子零組件進出口代理及買賣業務"
"641","3115","寶島極","電子零組件業","印刷電路板之製造加工、測試及買賣業務。"
"1516","2239","F-英利","汽車工業",
"643","3144","新揚科","電子零組件業","電子零組件"
"644","3162","精確實業","電機機械","模具.五金零件.汽機車零件.自行車零件製造.加工買賣業務。"
"645","3171","新洲全球","貿易百貨業","包裝材料 雲端服務 研發及產銷精簡型電腦"
"646","3188","安茂","半導體業","資料儲存及處理設備製造業"
"647","3191","和進","電子零組件業","電子零件、電子材料之製造加工及進出口貿易等業務"
"648","3202","樺晟電子","電子零組件業","連接線組件研發及組裝"
"649","3205","佰研","生技醫療業","技術服務(生化科技產品(中西藥)研發)"
"650","3207","耀勝","電子零組件業","電源供應器各式線圈製作買賣業務"
"651","3209","全科","電子通路業","國際貿易業"
"652","3211","順達科","電腦及週邊設備業","電池製造業(鋰電池組)"
"653","3213","茂訊電腦","電腦及週邊設備業","各式電腦軟硬體之研究設計規劃製作銷售(特 業務除外)"
"654","3217","優群科技","電子零組件業","儲存裝置設備及其週邊裝置製造、設計、維修及零件買賣業務."
"655","3218","大學光","生技醫療業","光學儀器之買賣"
"656","3219","倚強科技","半導體業","影像處理IC控制晶片設計生產及買賣"
"657","3224","三顧","電子通路業","電子材料零售業.批發業"
"658","3226","至寶電腦","電機機械","電源供應器"
"659","3228","金麗科","半導體業","微控制器IC、消費性IC及網路單晶片IC等設計、製造及販賣"
"660","3229","晟鈦","電子零組件業","印刷電路板製造"
"661","3232","昱捷","電子通路業","電子材料零售業"
"662","3236","千如","電子零組件業","各種電感器、晶片電感、濾波器、變壓器之製造加工及買賣。"
"663","3252","海灣科","其他業","E605010電腦設備安裝業"
"664","3260","威剛科技","半導體業","電子零組件製造業"
"665","3264","欣銓科技","半導體業","記憶體IC之晶圓測試"
"666","3265","台星科","半導體業","積體電路、IC 及其測試機組之研發及測試"
"667","3266","昇陽開發","建材營造業","住宅及大樓開發租售業"
"668","3268","海德威","半導體業","消費性/多媒體/微控制器IC應用設計、方案整合與銷售"
"669","3276","宇環","電子零組件業","電子零組件製造業"
"670","3284","太普高","其他業","印刷預塗式平版及鋁版素材"
"671","3288","點晶科技","電子零組件業","電子零組件製造業"
"672","3289","宜特科技","其他電子業","積體電路之研究開發製作、分析預燒、測試業務"
"673","3290","東浦精密","通信網路業","各種塑膠製品及模具製造、加工及買賣業務"
"674","3296","勝德國際","電子零組件業","有線及無線通信機械器材製造買賣"
"675","3297","杭特","光電業","安全監控用攝影機、"
"676","3299","帛漢","電子零組件業","各種區域網路元件及寬頻網路元件之設計製造加工買賣"
"677","3305","昇貿科技","其他電子業","經營銲錫絲、銲錫棒、BGA錫球及銲錫膏等之製造及銷售。"
"678","3306","鼎天國際","通信網路業","衛星定位系統(GPS)主機板"
"679","3312","弘憶國際","電子通路業","電子零組件之製造加工及買賣業務"
"680","3325","旭品科技","電腦及週邊設備業","電子產品及其零件、電源供應器之進出口買賣業務"
"681","3354","律勝科技","電子零組件業","軟性銅箔基板"
"682","3362","先進光電","光電業","光學鏡片加工製造買賣"
"683","3372","典範","半導體業","IC封裝"
"684","3376","新日興","電子零組件業","NB、液晶顯示幕、手機、3C電子等樞紐之研發、製造及銷售"
"685","4102","永日化工","生技醫療業","化學藥品、醫藥品、工業藥品之製造及買賣業務。"
"686","4103","百略醫學","生技醫療業","數位血壓量測系統"
"687","4104","佳醫","生技醫療業","血液透析相關醫療耗材"
"688","4105","台灣東洋","生技醫療業","各種醫藥品動物用藥品農藥殺虫劑化學藥品化粧品等之製造及銷售"
"689","4107","邦特生技","生技醫療業","醫療耗材(血液迴路管、藥用軟袋、TPU體內導管等)製造買賣"
"690","4108","懷特","生技醫療業","天然植物、中草藥成分、萃取分離技術、生化科技之研發"
"691","4109","加捷科技","生技醫療業","一、甲魚粉、甲魚蛋、甲魚油等甲魚食品加工製造銷售買賣業務。"
"692","4111","濟生藥廠","生技醫療業","一般中西藥品類"
"693","4113","聯上","建材營造業","不動產買賣及租賃業"
"694","4114","健喬信元","生技醫療業","各種藥品醫療器材製造販賣業務"
"695","4120","友華","生技醫療業","西藥、醫療器材及乳製品、化妝品、食品等"
"696","4121","優盛醫學","生技醫療業","數位式血壓計"
"697","4123","晟德","生技醫療業","西藥製造業"
"698","4126","太醫","生技醫療業","各種醫療器材製造、加工、買賣。"
"699","4127","天良生技","生技醫療業","中藥製造買賣"
"700","4129","聯合骨科","生技醫療業","骨科用人工植入物：包括人工關節、人工骨板、骨釘、骨針等。"
"701","4131","晶宇生技","生技醫療業","生物晶片之研究、開發、製造與銷售"
"702","4205","恆義公司","食品工業","中華豆腐、豆花"
"703","4207","環泰企業","食品工業","液態糖漿"
"704","4303","信立","塑膠工業","合成皮"
"705","4304","勝昱","塑膠工業","各項包裝材料之製造加工及買賣業務"
"706","4305","世坤塑膠","塑膠工業","塑膠布製造"
"707","4306","炎洲","塑膠工業","薄膜"
"708","4401","東隆興業","紡織纖維","各種人造纖維縫線及織造用紗之製造、銷售與批發業務。"
"709","4402","福大","紡織纖維","紡織業"
"710","4406","新昕纖維","紡織纖維","特多龍加工絲"
"711","4413","飛寶動能","紡織纖維","長纖紡織業"
"713","4416","三圓","建材營造業","委託營造廠商興建商業大樓、國民住宅出售租出售業務。"
"714","4417","金洲海洋","紡織纖維","各類魚網"
"715","4419","松懋工業","紡織纖維","鍊鋁業、鋁鑄造業、鋁材軋延、伸線、擠型業、鍊鎂業、鎂鑄造業、"
"716","4420","光明絲織","紡織纖維","特多龍布"
"717","4502","源恆","電機機械","各種鋼圈、鋁合金輪圈製造、加工、出口"
"718","4503","金雨","電機機械","自動販賣機"
"719","4506","崇友","電機機械","客、貨、病床用電梯，電扶梯及維修保養。"
"720","4510","高鋒工業","電機機械","各種工作母機及其零配件及原料之製造加工買賣。"
"721","4513","福裕事業","電機機械","各項工作母機製造加工及內外銷販賣"
"722","4523","永彰機電","電機機械","汽車空調"
"723","4527","霖","電機機械","冰水機組"
"724","4528","江興鍛壓","電機機械","汽車零件鍛壓製造加工"
"725","4529","雷風","其他業","馬達"
"726","4530","宏易精密","電機機械","各種鋼模設計製造加工修理買賣業務"
"727","4533","協易機械","電機機械","機械設備製造業、其他機械製造業"
"728","4534","慶騰精密","電機機械","粉末冶金業"
"729","4535","至興精機","電機機械","煞車圓盤、后傾器、齒輪、精沖件等"
"730","4609","唐鋒實業","電器電纜","除 可業務外，得經營法令非禁止或限制之業務。"
"731","4702","中美實","化學工業","分散性染料"
"733","4706","大恭化學","化學工業","有機顏料"
"734","4707","磐亞","化學工業","非離子界面活性劑"
"735","4711","永純化工","化學工業","不飽和聚酯樹脂"
"736","4712","南璋","食品工業","水產養殖、水產品批發。"
"737","4714","永捷","化學工業","PU樹脂"
"738","4716","大立高","化學工業","合成樹脂"
"739","4720","德淵企業","化學工業","黏劑.塗劑.填縫劑.脫模劑等化學品之加工製造買賣業務"
"740","4721","美琪瑪","化學工業","醋酸鈷、錳、磁性材料生產製造買賣及進出口業務"
"741","4722","國精化學","化學工業","各種工業用合成樹脂，及其他有關化學品之製造、加工、銷售。"
"743","4903","聯光通信","通信網路業","光纖電纜及配合材料"
"744","4905","台聯電訊","通信網路業","高階數據機"
"745","4907","春雨開發","建材營造業","委託營造廠商興建商業大樓及國民住宅出租、出售業務。"
"746","4908","前鼎光電","通信網路業","設計、研發、生產及銷售雷射二極體、受光二極體封裝及光傳接模組"
"747","4909","新復興","通信網路業","高頻微波通訊用基板"
"748","5007","三星科技","鋼鐵工業","螺絲、螺帽、汽車零件、鋼棒、鋼鐵線材等之製造、加工及買賣。"
"749","5009","榮剛","鋼鐵工業","特殊鋼(工具鋼、低合金鋼、軸承鋼、不銹鋼、高速鋼)"
"750","5011","久陽","鋼鐵工業","螺栓、螺絲、螺帽、華司及其他金屬材料之製造、加工、銷售"
"751","5013","強新工業","鋼鐵工業","盤元、不鏽鋼盤元、黑鐵絲、五金線材、螺絲、螺帽線材、"
"752","5014","建錩實業","鋼鐵工業","止滑板、不銹鋼板、不銹鋼圓條、不銹鋼管、角鐵、槽鐵"
"753","5015","華祺","鋼鐵工業","不銹鋼線材"
"754","5016","松和工業","鋼鐵工業","鋼纜之生產銷售"
"755","5102","富強","橡膠工業","各種橡膠製品及有關五金、零件之加工買賣"
"756","5201","凱衛資訊","資訊服務業","軟硬體系統整合銷售"
"757","5202","力新國際","資訊服務業","影像視訊及多媒體軟體開發與銷售"
"758","5205","漢康科技","資訊服務業","LCD顯示器、Audio產品、電子零組件"
"759","5206","坤悅","建材營造業","系統整合"
"760","5209","新鼎系統","資訊服務業","各項控制系統軟硬體之分項與整體之可行性研究、規劃、設計、採購"
"761","5210","寶碩","資訊服務業","資訊軟體服務業"
"762","5211","蒙恬","資訊服務業","電腦軟體之設計維護及買賣業務。"
"763","5212","凌網科技","資訊服務業","知識與內容管理"
"764","5213","亞昕國際","建材營造業","住宅及大樓開發租售"
"765","5301","祥裕電子","觀光事業","珠寶精品及一般禮品"
"766","5302","太欣","半導體業","積體電路研究發展.設計"
"767","5304","鼎創達","電腦及週邊設備業","行動電話、高頻無線電話、電話機、通訊零件等通訊產品之製造及買賣"
"768","5306","桂盟","其他業","自行車及汽機車零件配備批發零售"
"769","5309","系統電子","電子零組件業","電腦週邊產品"
"770","5310","天剛資訊","資訊服務業","電腦連線模擬卡、電信話號顯示器。"
"771","5312","寶島科","其他業","眼鏡"
"772","5314","世紀民生","半導體業","研發、產製、銷售混合式數位類比及純數位、類比積體電路產品。"
"773","5315","光聯科技","光電業","LCM-TFT(Liquid Crystal Module TFT)"
"774","5317","凱美","電子零組件業","鋁質電解電容器"
"776","5321","友銓電子","電子零組件業","多層印刷電路板之製造、加工及買賣業務。"
"777","5324","士開","建材營造業","住宅及大樓開發租售業"
"779","5328","華容公司","電子零組件業","各種電子零組件及原料之製造、加工、裝配、進出口及買賣業務電子"
"780","5340","建榮工業","電子零組件業","印刷電路基層板、玻璃布之製造加工、買賣業務。"
"781","5344","立衛科技","半導體業","測試"
"782","5345","天揚","電子零組件業","被動元件"
"784","5347","世界","半導體業","依客戶訂單與其提供之產品設計說明，從事製造與銷售積體電路。"
"785","5348","系通科技","通信網路業","研發、生產、銷售、系統安裝有線、無線、視訊產品之組件與系統."
"786","5349","先豐通訊","電子零組件業","多層印刷電路板之設計加工製造及買賣"
"787","5351","鈺創科技","半導體業","研發、開發、生產、製造、測試、銷售半導體裝置。"
"788","5353","台林通信","通信網路業","通信接取、網路及工業應用產品之設計、製造及相關服務和銷售"
"789","5355","佳總","電子零組件業","多層板印刷電路板"
"790","5356","協益電子","電腦及週邊設備業","雷射印表機碳粉匣、給皂機、汽車音響用面板之製造、塑膠鋼模"
"791","5364","易福","觀光事業","各項電子產品、電腦系統設備、資訊通訊及電信加值網路之設計規劃"
"792","5371","中光電","光電業","研發、生產製造、銷售各式液晶顯示器、投射系統及其模組與背光裝"
"793","5381","合正科技","電子零組件業","玻璃纖維膠片"
"794","5383","金利精密","其他電子業","半導體導線架及散熱片、SMD LED導線架、連接器零組件"
"795","5384","捷元","電腦及週邊設備業","個人電腦"
"796","5386","青雲國際","電腦及週邊設備業","電腦硬體及其零件之製造加工及買賣"
"797","5388","中磊電子","通信網路業","有線網路產品"
"798","5392","應華精密","光電業","鋁合金及塑膠壓鑄品模具之製造、加工買賣業務"
"799","5395","圓方創新","觀光事業","住宅及大樓開發租售業"
"800","5398","力瑋","電子零組件業","電腦資訊電子零件組件之製造及銷售"
"801","5403","中菲電腦","資訊服務業","各種電腦軟體之設計開發及銷售業務"
"802","5410","國眾電腦","資訊服務業","資訊軟硬體銷售、資訊服務、系統整合"
"803","5425","台半","半導體業","整流器之生產製造．銷售及進出口業務"
"804","5426","振發","電腦及週邊設備業","視訊解碼器外殼及其零組件"
"805","5432","達威光電","光電業","LCD模組"
"806","5438","東友科技","電腦及週邊設備業","多 能事務機"
"807","5439","高技","電子零組件業","電子產品之製造及買賣(印刷電路板、個人電腦、電腦週邊設備)"
"808","5443","均豪精密","光電業","模具及機械之設計製造買賣業務"
"809","5450","寶聯通","電腦及週邊設備業","LED"
"810","5452","佶優","其他電子業","ABS塑膠"
"811","5455","訊利電","半導體業","製造預燒及測試系統、預燒板加工買賣並提供試驗服務。"
"812","5457","宣德","電子零組件業","各式連接器.精密零組件. 按鍵與彈片之加工及製造。"
"813","5460","同協電子","電子零組件業","電腦資訊光學電子沖壓零組件及模具設計、製造、裝配及"
"814","5464","霖宏科技","電子零組件業","多層及雙面印刷電路板加工製造及內外銷業務。"
"815","5465","富驊","電腦及週邊設備業","電腦外殼及其零組件製造加工買賣業務"
"818","5468","凱鈺","半導體業","研究、開發、生產、製造、銷售下列產品："
"819","5474","聰泰科技","電腦及週邊設備業","一般進出口貿易業務"
"820","5475","德宏工業","電子零組件業","印刷電路基層板、玻璃布之製造加工及買賣業務"
"821","5478","智冠","資訊服務業","遊戲軟體之發行.買賣"
"822","5480","統盟電子","電子零組件業","雙面及多層印刷電路板之製造、加工及買賣。"
"823","5481","華韡電子","電子零組件業","銅箔積層板"
"824","5483","中美矽晶","半導體業","拋光晶圓 磊晶晶圓 擴散晶圓 太陽能晶圓 藍寶石晶圓"
"825","5487","通泰","半導體業","積體電路開發設計、委託設計、生產及測試"
"826","5488","松普科技","電子零組件業","3C產品用線"
"827","5489","彩富電子","其他電子業","電腦及週邊設備軟硬體、電腦自動化測試系統之設計買賣修護進出口"
"828","5490","同亨","電腦及週邊設備業","電子金融交易終端機及其零組件"
"829","5491","連展科技","電子零組件業","連結器及連接線製造買賣業務"
"830","5493","三聯科技","其他電子業","感測及監控系統整合"
"831","5498","凱崴電子","電子零組件業","電鍍液乾膜鑽頭等印刷電路板原料之設計製造加工買賣業務。"
"834","5508","永信建設","建材營造業","委託營造廠商興建國民住宅及商業大樓出租出售業務"
"835","5511","德昌營造","建材營造業","建築及土木工程"
"836","5512","力麒","建材營造業","住宅及商業大樓投資興建出租出售"
"837","5514","三豐建設","建材營造業","委託營造廠商興建國民住宅及商業大樓出租、出售業務。"
"838","5516","雙喜營造","建材營造業","營造業"
"839","5519","隆大營建","建材營造業","營造業"
"840","5520","力泰建設","建材營造業","預拌混凝土"
"841","5521","工信","建材營造業","道路、橋樑、隧道、碼頭、捷運等土木工程及房屋建築工程營造。"
"842","5522","遠雄建設","建材營造業","委託營造廠商興建商業大樓及國民住宅出租出售業務"
"843","5523","宏都","建材營造業","委託營造廠商興建國民住宅及商業大樓出租出售業務"
"844","5529","志嘉建設","建材營造業","住宅及大樓開發租售業"
"845","5530","龍巖","其他業","殯葬業"
"846","5533","皇鼎建設","建材營造業","興建國民住宅、商業大樓及工業廠房之出租及出售"
"847","5601","臺聯貨櫃","航運業","貨櫃集散站經營業"
"848","5603","陸海","航運業","貨櫃運輸"
"849","5604","中連貨運","航運業","汽車路線貨運"
"850","5609","中菲行","航運業","航空貨運承攬業務之經營、進出口貨物之報關業務。"
"851","5701","劍湖山","觀光事業","觀光遊樂業"
"852","5703","亞都麗緻","觀光事業","觀光旅館業"
"853","5704","知本老爺","觀光事業","國際觀光大飯店"
"854","5706","鳳凰旅遊","觀光事業","接受客戶委託代辦國內外觀光旅遊安排食宿及相關服務等"
"855","5902","德記","貿易百貨業","通路銷售及物流服務事業"
"856","5903","全家便利","貿易百貨業","連鎖便利商店之投資及經營"
"857","5904","寶雅","貿易百貨業","零售業(1)時尚美粧美材保養品(2)流行內衣襪"
"858","5905","南仁湖","貿易百貨業","客房、 飲、商品、會員卡銷售"
"860","6015","宏遠證券","金融保險業","證券經紀業務"
"861","6016","康和證券","金融保險業","證券經紀承銷自營股務代理"
"862","6020","大展證","金融保險業","在集中交易市場及營業處所受託買賣有價證券。"
"863","6021","大慶證","金融保險業","證券商"
"864","6022","大眾證券","金融保險業","證券業務"
"865","6101","弘捷","電子零組件業","各式印刷電路板(PC板電鍍)、絕緣板之製造加工及買賣。"
"866","6103","合邦電子","半導體業","研究、開發、生產、製造、銷售以下產品"
"867","6104","創惟科技","半導體業","設計、製造、測試、銷售積體電路及半導體零組件等"
"868","6105","瑞傳科技","電腦及週邊設備業","電腦及其週邊設備製造業。"
"869","6107","華美電子","電子零組件業","整流器"
"870","6108","競國實業","電子零組件業","印刷電路板製造及買賣"
"871","6109","亞元科技","通信網路業","電源供應器"
"872","6111","大宇資訊","資訊服務業","遊戲軟體研發、代理及銷售"
"873","6113","亞矽科技","電子通路業","資訊、電子、電信、電腦零組件產品之代理銷售"
"874","6114","翔昇電子","電子零組件業","印刷電路板製造及買賣"
"875","6118","建達國際","電子通路業","電腦及事務性機器設備批發"
"876","6120","輔祥","光電業","背光源組"
"877","6121","新普","電腦及週邊設備業","電池製造業電池組裝配(筆記型電腦電池組、行動電話電池組)"
"878","6122","擎邦國際","電機機械","電子半導體光電、生物科技、無菌無塵室、化工石化等整廠設計建造"
"879","6123","上奇科技","電腦及週邊設備業","資訊應用軟硬體代理銷售"
"880","6124","業強科技","電子零組件業","熱導元件之研發、製造、銷售業務"
"881","6125","廣運","光電業","整廠自動化物流系統整合之工程服務。"
"882","6126","信音企業","電子零組件業","各種電子電腦及週邊設備之零件製造裝配及買賣。"
"883","6127","九豪精密","電子零組件業","氧化鋁陶瓷基板之製造、加工及買賣業務"
"884","6129","普誠科技","半導體業","消費性IC之設計、製造與銷售"
"885","6130","基因","生技醫療業","化妝品零售業"
"886","6134","萬旭電業","電子零組件業","連接器配線組立"
"888","6138","茂達電子","半導體業","CC01080電子零組件製造業一、研究開發生產製造下列產品："
"889","6140","訊達電腦","資訊服務業","電腦網路系統的諮詢、設計、整合、銷售、建置、服務"
"890","6143","振曜科技","通信網路業","各種電腦產品設計、製造、加工、銷售業務。"
"891","6144","得利影視","其他電子業","影音光碟產品及錄影帶"
"892","6146","耕興","其他電子業","電磁相容(EMC)測試及認證"
"893","6147","頎邦科技","半導體業","金凸塊(GOLD BUMPING)，錫鉛凸塊(SOLD BUMPING)，晶圓測試(CP)"
"894","6148","驊宏資","資訊服務業","電腦主機及儲存設備"
"895","6150","撼訊科技","電腦及週邊設備業","顯示卡"
"896","6151","晉倫科技","其他電子業","橡膠複合材料及塑膠複合材料之製造加工及買賣、電子零組件製造業"
"897","6152","百一電子","通信網路業","有線通信機械器材製造業"
"898","6153","嘉聯益","電子零組件業","軟性電路板(FPC)之設計、研究、開發、製造、加工及買賣之業務"
"899","6154","順發","電子通路業","3C商品買賣"
"900","6155","鈞寶","電子零組件業","磁鐵心、氧化鐵心、偏向軛及偏向軛磁鐵心。"
"901","6156","松上電子","電子零組件業","導光板、背光模組"
"902","6158","禾昌","電子零組件業","各種沖壓零件、電腦端子和各種連接器等製造加工買賣"
"903","6160","欣技資訊","電腦及週邊設備業","自動辨識掃瞄器及資料收集器製造買賣"
"904","6161","捷波","電腦及週邊設備業","電腦及週邊產品"
"905","6163","華電網","通信網路業","資訊應用整合服務及電信整合系統服務"
"906","6164","華興電子","光電業","發光二極體顯示器"
"907","6167","久正光電","光電業","液晶顯示器模組製造及銷售"
"908","6169","昱泉國際","資訊服務業","遊戲及教育軟體研究開發、生產、代理及銷售"
"909","6170","統振","通信網路業","電信預付卡代理行銷"
"910","6171","亞銳士","電子通路業","各種電子零件之製造、加工買賣業務。"
"911","6173","信昌電陶","電子零組件業","晶片電容、晶片電阻、介電瓷粉、半導性瓷片、二極管及線圈"
"912","6174","安碁科技","電子零組件業","石英晶體、石英振盪器、濾波器等產品及半成品之製造、加工及內外銷"
"913","6175","立敦","電子零組件業","生產及銷售化成鋁箔"
"914","6176","瑞儀光電","光電業","LCD用背光模組"
"915","6177","達麗","建材營造業","委託營造廠商興建商業大樓及國民住宅出租、出售"
"916","6179","世仰科技","其他業","磁碟陣列控制器"
"917","6180","遊戲橘子","資訊服務業","資訊軟體服務業，第二類電信事業"
"918","6182","合晶","半導體業","半導體及其材料之研發、設計、製造、進出口及代理銷售等"
"919","6183","關貿","資訊服務業","電子資料交換服務"
"920","6185","幃翔精密","電子零組件業","連接器"
"921","6186","新潤","建材營造業","住宅及大樓開發租售業、不動產買賣業、不動產租賃業。"
"922","6187","萬潤科技","其他電子業","機械設備製造業"
"923","6188","廣明光電","電腦及週邊設備業","薄型光碟機之製造與銷售"
"924","6190","萬泰科","通信網路業","區域網路線.電子線"
"925","6191","精成科技","電子零組件業","印刷電路板及組裝"
"926","6194","育富電子","電子零組件業","各項印刷電路板及電腦週邊之維修安裝製造加工買賣業務"
"927","6195","詩肯","貿易百貨業","品牌家具連鎖門市業務"
"928","6198","凌泰科技","半導體業","電子零組件製造"
"929","6203","海韻電","電子零組件業","交換式電源供應器(Switching Power Supplies、SPS)之生產與銷售"
"930","6204","艾華電子","電子零組件業","可變電阻製造加工及買賣開關矽整流器買賣"
"931","6205","詮欣","電子零組件業","各種電子零件(連接器、電子線)等製造加工買賣業務"
"932","6207","雷科","電子零組件業","表面黏著元件&amp;SMD捲裝材料"
"933","6208","日揚科技","電子零組件業","真空鍍膜製程設備、零組件及模組製造銷售"
"934","6210","慶生電子","電子零組件業","單雙面及多層印刷電路板之製造、加工及買賣業務"
"936","6212","理銘","建材營造業","住宅及大樓開發租售業"
"937","6213","聯茂","電子零組件業","多層印刷電路基材及銅箔基板及半成品及成品之製造、加工及買賣"
"938","6214","精誠資訊","資訊服務業","資訊軟體服務業、電子資訊供應服務業"
"939","6215","和椿科技","其他電子業","自動化系統業務"
"940","6217","中國探針","電子零組件業","各種精密探針製造及加工買賣、各種探針用測試治具之研發製造銷售"
"941","6218","豪勉科技","通信網路業","電腦網路系統整合"
"942","6219","富旺國際","建材營造業","不動產開發、租賃及買賣等"
"943","6220","岳豐","電子零組件業","區域通訊網路線"
"944","6221","晉泰","資訊服務業","系統平台、儲存設備、企業應用軟體服務、資料處理服務"
"945","6222","上揚科技","電腦及週邊設備業","車用多媒體影音系統及液晶顯示器相關產品研發、設計、製造、銷售"
"946","6223","旺矽","半導體業","半導體測試零組件加工維修製造進出口買賣"
"947","6224","聚鼎","電子零組件業","高分子正溫度係數熱敏電阻"
"948","6226","光鼎電子","光電業","LED指示燈"
"949","6227","茂綸","電子通路業","各種視聽器材各種電子電器零件之進出口貿易買賣業務"
"950","6228","全譜科技","電腦及週邊設備業","高解析度底片型掃描器"
"951","6229","研通","半導體業","IC韌體應用設計"
"952","6230","超眾","電腦及週邊設備業","各項鋁合金製品，如散熱片、面板。"
"953","6231","系微","資訊服務業","筆記型電腦之基本輸出入軟體"
"954","6233","旺玖科技","半導體業","積體電路之研發、設計與銷售。"
"955","6234","高僑","光電業","自動化輸送設備"
"956","6236","凌越科技","其他業","積體電路之設計、研究、開發及銷售"
"957","6237","驊訊","半導體業","積體電路設計與製造"
"958","6238","勝麗國際","其他電子業","Dram Module"
"959","6240","松崗資產","資訊服務業","各種書籍出版、買賣業務"
"960","6241","易通展","通信網路業","通訊產品製造及買賣"
"961","6242","亨豐科技","電子零組件業","外接式電腦週邊產品"
"962","6243","迅杰","半導體業","積體電路設計、研究、開發、製造、銷售"
"963","6244","茂迪","光電業","三用電錶電腦之製造裝配加工買賣(數位式三用電錶)、電源供應器信"
"964","6245","立端科技","通信網路業","電腦及其週邊設備及電子零件材料之製造加工買賣."
"965","6246","臺龍","光電業","背光模組及其零組件製造買賣"
"966","6247","淇譽電","其他電子業","SPESKERS"
"967","6248","沛波","鋼鐵工業","各式電子變壓器、線圈、電感器、抗流圈等"
"968","6250","宇加","電子零組件業","各種石英振盪器排列電阻器及電腦週邊設備之加工製造及買賣業務"
"969","6259","百徽","電子零組件業","電信器材批發業"
"970","6261","久元","半導體業","半導體及光電產品加工：切割、研磨、測試、挑檢與基板切割等。"
"971","6263","普萊德科","通信網路業","自有品牌網路通訊設備製造商，主要銷售有交換器、寬頻網路、"
"972","6264","德士通","建材營造業","興建商業大樓、國民住宅及廠辦之出租及出售."
"973","6265","方土昶","電子通路業","電子零件買賣"
"974","6266","泰詠電子","電子零組件業","電子產品、通信器材之設計及生產製造(含加工設計及製造)"
"975","6270","倍微科技","電子通路業","半導體零組件銷售"
"976","6274","台燿","電子零組件業","銅箔基板、粘合片、多層壓合板之製造、加工及買賣"
"977","6275","元山科技","其他電子業","電腦週邊設備"
"978","6276","安鈦克","電腦及週邊設備業","電腦周邊產品"
"979","6278","台表科","光電業","電子資訊產品電路板另體表面黏著構裝設計、加工、製造及買賣業務。"
"980","6279","胡連","電子零組件業","電子零件(端子)五金機械配件等製造加工及買賣(模具端子壓軸機)"
"981","6283","淳安電子","通信網路業","各式薄膜線路與按鍵之製造.加工.代理及買賣服務"
"982","6284","佳邦科技","電子零組件業","積體化電子保護元件之研究、開發、製造及銷售。"
"983","6287","元隆電子","半導體業","6吋晶圓積體電路代工"
"984","6290","良維科技","電子零組件業","電腦及資訊家電用電源傳輸線組"
"985","6291","沛亨","半導體業","本公司所營事業如下: 研究、 開發、 生產、 製造、 銷售下列產品:"
"986","6292","迅德興業","電子零組件業","各種金屬機械零件設計製造買賣"
"987","6294","智基科技","其他業","短期補習班業"
"988","6508","惠光","塑膠工業","植物保護劑之製造銷售"
"989","6509","聚和","化學工業","特用化學品"
"990","6603","富強鑫","電機機械","塑膠射出機(3C電子精密元件射出機、LCD射出機...)及模具等製造"
"991","6609","瀧澤科","電機機械","CNC工具機"
"992","8021","尖點","其他電子業","電子線路板專用微型鑽頭之製造銷售"
"993","8032","光菱電子","電子通路業","電腦及電腦週邊設備之製造及進出口"
"994","8033","雷虎科技","其他業","無線電遙控產品─"
"995","8034","榮群電訊","通信網路業","有線通信機械器材製造業"
"996","8039","台虹科技","電子零組件業","高分子薄膜銅箔積層板"
"997","8042","金山電","電子零組件業","各種電子器材電容器之製造加工買賣及進出口業務"
"998","8043","蜜望實企","電子零組件業","(1).一般進出口業務"
"999","8044","網路家庭","資訊服務業","網路媒體"
"1000","8047","星雲電腦","其他電子業","電腦割字機"
"1001","8049","晶采光電","光電業","資料儲存及處理設備製造.電子零組件製造業."
"1002","8050","廣積科技","電腦及週邊設備業","工業用主機板"
"1003","8053","巨擘科技","光電業","以離子蒸著或電漿式化學蒸著法就防腐蝕耐磨耗零件物件作被覆處理"
"1004","8054","安國","半導體業","IC設計及銷售"
"1005","8066","來思達","貿易百貨業","品牌家具"
"1006","8067","志旭國際","電子通路業","光電數位產品專業代理商"
"1007","8068","全達","電子通路業","電子元件、組件、積體電路、設計及測試儀器之經銷代理及維護"
"1008","8069","元太科技","光電業","CC01080電子零組件製造業及F401010國際貿易業"
"1009","8070","長華電材","電子通路業","半導體封裝材料之銷售"
"1010","8071","能率豐","電子零組件業","記憶光碟片之製造加工買賣"
"1011","8074","鉅橡企業","電子零組件業","電木管、電木棒之製造加工買賣業務"
"1012","8076","伍豐科技","電腦及週邊設備業","微電腦. 商用電腦及裝備(印表機.顯示器.終端機)之配備"
"1014","8080","奧斯特","電子零組件業","鋁質電解電容器生產製造及銷售"
"1015","8081","致新","半導體業","研究.開發.生產.製造及銷售數位與類比混合IC及特殊應用IC"
"1016","8082","眾星","通信網路業","Modem、 ADSL、 HUB/Switch、 Router、Wireless series、Multi-media."
"1017","8083","瑞穎","電機機械","運動器材之零組件、培林、機械零組件之製造及買賣業務"
"1018","8084","巨虹電子","電子通路業","IC應用設計－通訊IC．通用型微控制器IC．個人電腦週邊類商品"
"1019","8085","福華","其他電子業","可變電阻器、開關"
"1020","8087","華鎂鑫","光電業","各種用途可燒錄式光碟片之製造及買賣研發業務"
"1021","8088","品安","半導體業","記憶體模組  積體電路   快閃記憶體  其他"
"1022","8091","翔名科技","電子零組件業","半導體儀器及其設備之製造加工買賣業務（度量衡除外）。"
"1023","8092","建暐精密","其他電子業","IC精密零件及模具設計製造"
"1024","8093","保銳科技","電子零組件業","1﹑CC01110 電腦及其週邊設備製造業  2﹑F118010 資訊軟體批發業"
"1025","8096","擎亞科技","電子通路業","國際貿易業"
"1026","8097","鴻松精密","通信網路業","各種電子連接器積體電路插座電腦電話鍵盤之加工、 製造 、買賣"
"1027","8099","大同世界","資訊服務業","資訊 、 通訊 、 網路 、 軟體產品"
"1028","8103","瀚荃","電子零組件業","各種電子零件(連接器、電子線)等製造加工及買賣業務"
"1029","8105","凌巨","光電業","研發生產及銷售液晶顯示器(STN型及TFT型)、液晶顯示面板及模組"
"1030","8107","大億科","光電業","CC01080電子零組件製造業"
"1031","8109","博大科技","電子零組件業","各種電腦軟硬體及週邊設備暨零組件之製造、加工、買賣"
"1032","8111","立碁電子","光電業","發光二極體指示燈、顯示器之製造及買賣業務"
"1033","8112","至上電子","電子通路業","電子零組件經銷業務"
"1034","8114","振樺電子","電腦及週邊設備業","POS及週邊系統"
"1035","8121","越峰電子","電子零組件業","軟性鐵氧磁粉.磁鐵芯及其他有關電磁組件及其原物料製造及銷售"
"1036","8183","台灣精星","其他電子業","CC01080電子零組件製造業。"
"1037","8210","勤誠興業","電腦及週邊設備業","電腦應用軟體設計工程業務"
"1038","8240","華宏新技","光電業","LCD膜片材料製造與銷售"
"1039","8261","富鼎","半導體業","電子零組件製造業"
"1041","8277","商丞科技","半導體業","CC01050資料儲存及處理設備製造業CC01080電子零組件製造業"
"1042","8287","英格爾科","電子零組件業","CC01080電子零組件製造業、CC01030電器製造業"
"1043","8299","群聯電子","電腦及週邊設備業","資訊軟體服務業"
"1044","8354","冠郝企業","塑膠工業","自黏標籤"
"1045","8374","羅昇","電機機械","變頻器/自動化驅動控制系統"
"1046","8383","千附","其他電子業","1.半導體各種管路工程 2.特殊氣體管路工程設計施工 3.航空器零件"
"1048","8905","裕國冷凍","其他業","冷凍肉品加工、銷售"
"1049","8906","花王企業","其他業","印刷"
"1050","8908","欣雄","油電燃氣業","以導管供應氣體燃料(比重86%)。"
"1051","8913","華夏資","其他業","不動產及各項設備之租賃、轉租賃及再租賃"
"1052","8916","光隆","其他業","羽絨"
"1053","8917","欣泰","油電燃氣業","公用煤氣業"
"1054","8921","沈氏藝印","其他業","各種印刷品之製造加工買賣"
"1055","8923","時報文化","其他業","出版"
"1056","8924","大田精密","其他業","高爾夫球桿頭及其半成品之製造、委託加工、裝配及銷售"
"1057","8925","偉盟","其他業","高低壓、離心及振動法水泥管、預力混凝土管、預力鋼襯水泥管"
"1058","8927","北基","油電燃氣業","加油站供售汽.柴油"
"1059","8928","鉅明","其他業","高爾夫球桿頭"
"1060","8929","富堡","其他業","成人紙尿褲等醫療保健用品之製造及買賣"
"1061","8930","青鋼","鋼鐵工業","輕鋼架.防火門之製造、買賣業務"
"1062","8931","大園汽電","油電燃氣業","汽電共生廠之經營、操作運轉管理及其設備之維修"
"1063","8932","宏大拉鍊","其他業","各種拉鍊、拉鍊配件、拉鍊機零件之製造加工買賣"
"1064","8933","愛地雅","其他業","各種自行車、室內外運動車、童車、迷你踏板車及零件製造銷售。"
"1065","8934","衡平","其他業","物業管理"
"1066","8935","邦泰","其他業","運動器材射出零組件之設計"
"1067","8936","國統國際","其他業","預力混凝土管及各種水泥製品、預拌混凝土製造買賣"
"1068","8937","合騏工業","其他業","生產機車(多 能休閒車)及其零件等買賣業務"
"1069","8938","明安","其他業","碳纖維預浸材料、碳維維製品(球桿、球頭..)製造加工及買賣業務。"
"1070","8940","新天地","觀光事業","各種果汁飲料雜貨食品及生鮮魚肉海鮮冷凍食品買賣"
"1071","8941","關中","貿易百貨業","一般進出口貿易業務(期貨除外)"
"1072","8942","森鉅","其他業","複合板材之製造買賣"
"1073","9946","三發地產","建材營造業","住宅及大樓開發租售業、新市鎮.新社區開發業.不動產租賃業"
"1074","9949","琉園","其他業","水晶玻璃藝品之設計加工製造買賣業務"
"1075","9950","萬國通路","塑膠工業","各種皮箱之製造.加工及買賣"
"1076","9951","皇田工業","電機機械","汽窗窗簾"
"1077","9955","佳龍","其他業","廢資訊品清運及處理、混合五金處理及銷售"
"1078","9960","邁達康","貿易百貨業","高爾夫球相關產品銷售"
"1079","1336","台翰","電子零組件業","精密模具治具之設計製造及買賣業務"
"1080","1558","伸興","電機機械","家用/工業用縫紉機及相關半成品、零件"
"1081","1566","捷邦","電機機械","軸受、軸承等冶金製品之製造加工、內外銷業務。"
"1082","1582","信錦","電子零組件業","各種模具之加工製造及買賣"
"1083","1752","南光","生技醫療業","西藥、醫療器材、動物藥品、飼料添加物、化妝品之製造加工買賣。"
"1084","1784","訊聯生物","生技醫療業","臍帶血、間質幹細胞、成人周邊血幹細胞儲存及應用"
"1085","1788","杏昌生技","生技醫療業","醫療器材、生化試藥及西藥之買賣業務"
"1086","1795","美時製藥","生技醫療業","西藥製造、零售"
"1087","2061","風青","電器電纜","銅材、銅線、漆包線之製造加工買賣業務"
"1088","2114","鑫永銓","橡膠工業","橡膠輸送帶及其他橡膠製品"
"1089","2221","大甲永和","其他業","化工級不鏽鋼(碳鋼)焊接管配件。"
"1090","3068","美磊","通信網路業","電氣器材(電感表面黏著零組件、線圈等)之製造、加工、買賣業務。"
"1091","3073","普格科技","半導體業","單晶片微控制器應用設計及銷售"
"1092","3092","鴻碩","電子零組件業","製造、銷售各種電腦訊號線、連接器、連接線"
"1093","3094","聯傑國際","半導體業","設計研究開發生產製造銷售網路控制晶片"
"1094","3118","進階生物","生技醫療業","生物醫學相關產品代理"
"1095","3128","昇銳電子","光電業","各種電子監視系統之製造加工"
"1096","3130","一零四","資訊服務業","一般廣告服務業"
"1097","3149","正達國際","光電業","光電玻璃及玻璃製品製造業。(LCD手機、DSC、NB面板加工製造)"
"1098","3152","璟德電子","通信網路業","高頻整合元件及模組(研究、開發、生產、製造及銷售)"
"1099","3164","景岳生技","生技醫療業","西藥製造業"
"1100","3169","亞信電子","半導體業","通信及混合信號接收處理積體電路"
"1101","3176","基亞","生技醫療業","生物製藥研發業務"
"1102","3206","志豐電子","電子零組件業","蜂鳴器、揚聲器、喇叭、麥克風之製造及銷售"
"1103","3221","台灣嘉碩","通信網路業","有、無線電通信零組件及其系統設備之研發、設計、製造、銷售。"
"1104","3227","原相","半導體業","互補金氧半導體影像感測積體電路之研究、開發、設計、生產及銷售"
"1105","3230","錦明實","光電業","五金及鎂合金製品(LCD  及NB等零組件)之製造加工買賣業務"
"1106","3234","光環","通信網路業","VCSEL及PIN二極體相關產品"
"1107","3259","鑫創科技","半導體業","電子零組件製造業"
"1108","3287","廣寰","電腦及週邊設備業","多 能視訊卡"
"1109","3291","遠翔科","半導體業","積體電路設計業"
"1110","3293","鈊象電子","資訊服務業","玩具娛樂用品批發零售業、電子材料零組件製造批發零售業"
"1111","3294","英濟","電子零組件業","電腦、電子、電信、照相機等塑膠零組件之射出成型製造、買賣"
"1112","3303","岱稜","化學工業","真空蒸鍍薄膜之製造加工、買賣及其原材料之買賣。"
"1113","3308","聯德電子","電子零組件業","交換式電源供應器、無停電裝置、變壓器等之加工製造買賣業務."
"1114","3310","佳穎精密","電子零組件業","各種連續沖壓模具及其另件、精密端子、五金另件"
"1115","3313","斐成","電子零組件業","F119010電子材料批發業。"
"1116","3315","宣昶","電子通路業","一般進出口貿易業務"
"1117","3317","尼克森微","半導體業","類比積體整合電路產品設計"
"1118","3322","建舜電子","電子零組件業","線裝類(含連接器)"
"1119","3323","加百裕","電腦及週邊設備業","電子零組件製造業，電池製造業，電器零售業"
"1120","3332","幸康","電子零組件業","電源供應器、電源轉換器、電池充電器、各式變壓器"
"1121","3339","泰谷光電","光電業","氮化鎵發光二極體磊晶片與晶粒"
"1122","3360","尚立","電子通路業","電子零組件與生產設備代理銷售    技術解決方案整合與行銷"
"1123","3363","上詮","通信網路業","光纖被動元件之設計、生產與銷售服務"
"1124","3373","熱映","其他電子業","紅外線溫度量測儀"
"1125","3379","彬台科技","電機機械","食品、飲料、生物科技之整廠自動化生產設備之系統整合及銷售業務"
"1126","3388","崇越電","電子零組件業","矽利光產品買賣:矽烷偶合劑，矽橡膠，矽油，矽樹脂"
"1127","3390","旭軟","電子零組件業","軟性印刷電路板"
"1128","3402","漢科系統","其他電子業","特殊管路工程之設計、規劃、施工"
"1129","3416","融程電訊","電腦及週邊設備業","液晶顯示應用設備及模組"
"1130","3419","譁裕實業","通信網路業","工業用塑膠製品製造業。"
"1131","3431","長天科技","通信網路業","汽車導航系統、掌上型導航器"
"1132","3438","台灣類比","半導體業","積體電路之設計"
"1133","3441","聯一光學","光電業","各種光學玻璃、光學鏡片、透鏡毛胚、稜鏡毛胚之製造、加工及買賣"
"1134","3443","創意電子","半導體業","一、研究、開發、生產、製造及銷售：各種應用積體電路1.嵌入式記"
"1135","3450","聯鈞","其他電子業","光資訊產品"
"1136","3452","益通光能","光電業","電子零組件製造業"
"1137","3454","晶睿","光電業","有線無線通信機械器材製造及銷售"
"1138","3455","由田","光電業","檢測系統及設備"
"1139","3465","祥業科技","電子零組件業","3C電子產品充電器"
"1140","3466","致振","通信網路業","衛星電視接收系統外銷音響之製造加工及買賣"
"1141","3474","華亞科","半導體業","CC01080 電子零組件製造業"
"1142","3481","奇美電子","光電業","電子零組件製造業"
"1143","3483","力致","電腦及週邊設備業","NB Thermal Module"
"1144","3499","環天科","通信網路業","衛星導航定位系統及藍芽應用產品之設計、生產及銷售"
"1145","3501","維熹科技","電子零組件業","電子、資訊、電機及電器類電源線組"
"1146","3504","揚明光學","光電業","電子零組件製造業；光學儀器製造業；其他設計業；國際貿易業"
"1147","4128","中天生技","生技醫療業","保健食品"
"1148","4130","健亞","生技醫療業","研究、開發、生產、製造及銷售各種西藥製劑"
"1149","4426","利勤實業","紡織纖維","針織布"
"1150","6023","元大期貨","金融保險業","期貨經紀業務 期貨自營業務 期貨顧問事業"
"1151","6251","定穎電子","電子零組件業","各種印刷電路板之製造加工買賣業務"
"1152","6271","同欣電子","半導體業","陶瓷電路板"
"1153","6298","崴強科技","電腦及週邊設備業","影像掃描器、多 能事務機、手寫觸控式液晶顯示器"
"1154","6506","(又又)邦","化學工業","PU樹脂、透濕防水布、硬化劑、光起始劑、接著劑"
"1155","8024","佑華","半導體業","研究、設計、開發、製作及銷售各種微電子積體電路產品"
"1156","8040","九暘電子","半導體業","積體電路之研發、製造及銷售"
"1157","8046","南電","電子零組件業","CC01080電子零組件製造業"
"1158","8048","德勝科技","通信網路業","光纖網路局端、用戶端設備及網管交換器之研發製造及買賣"
"1159","8064","東捷","光電業","半導體IC及TFT-LCD檢測機台"
"1160","8086","宏捷科技","半導體業","無線通信機械器材製造"
"1161","8110","華東","半導體業","CC01080電子零組件製造業"
"1162","8163","達方電子","電腦及週邊設備業","電子零組件"
"1163","8182","加高電子","電子零組件業","1. 產銷石英振盪器、石英發振器、石英濾波器、陶瓷共振器等"
"1165","8213","志超","電子零組件業","CC01080電子零組件製造業。"
"1166","8215","明基材料","光電業","資料儲存及處理設備製造業"
"1167","8234","新漢電腦","電腦及週邊設備業","電腦及其週邊設備之製造買賣、有關產品之代理經銷投標報價業務"
"1168","8255","朋程科技","電機機械","電子零組件製造業"
"1169","8271","宇瞻科技","半導體業","工業用固態硬碟"
"1170","8289","泰藝電子","電子零組件業","電子零組件製造業"
"1171","8291","尚茂電子","電子零組件業","銅箔電路基板及黏合膠片之製造加工、買賣業務。"
"1172","8349","友信國際","鋼鐵工業","國際貿易業。"
"1173","8390","金益鼎","其他業","廢棄物清除處理業務及貴金屬回收及處理業務。"
"1174","8996","高力","電機機械","金屬熱處理加工.銅銲加工.板式熱交換器.仙吉米亞輥輪及周邊設備"
"1175","9958","世紀鋼構","鋼鐵工業","有關各種鐵骨/不銹鋼桶/建築材料等加工製造買賣"
"1176","9962","有益鋼鐵","鋼鐵工業","不銹鋼製品熱處理、整平、裁剪、酸洗加工"
"1177","2107","厚生","橡膠工業","生產銷售橡膠皮"
"1178","2402","毅嘉科技","電子零組件業","各種電子塑膠、矽膠字鍵、鍵盤及其組裝"
"1179","8101","華冠通訊","通信網路業","無線通信機械器材之製造及銷售"
"1180","8079","誠遠科技","半導體業","自動化機械設備及其零配件之製造加工及買賣。"
"1181","3489","筌寶","建材營造業","電腦外接盒"
"1182","3490","單井","光電業","模具製造"
"1183","3494","誠研科技","電腦及週邊設備業","相片印表機及週邊耗材研發批發零售之經營"
"1184","3498","陽程科技","其他電子業","CCL &amp; PCB 自動化設備。"
"1185","3512","能緹","電子零組件業","模具製造業"
"1186","2035","唐榮公司","鋼鐵工業","不銹鋼品"
"1187","3484","崧騰","電子零組件業","電源開關產品"
"1188","3508","位速","其他電子業","各式塑膠日用品、電子零組件、汽車及其零件之表面處理業務。"
"1189","3518","柏騰科技","其他電子業","NB、手機及其他電子產品之防電磁波干擾及外觀膜處理"
"1190","4725","信昌化","化學工業","酚系列產品生產銷售"
"1191","3527","聚積","半導體業","積體電路之設計"
"1192","3523","迎輝科技","光電業","LCD背光模組零組件-聚光片"
"1193","3522","宏森","光電業","光學膜片的裁切及印刷"
"1194","3521","鴻翊","電腦及週邊設備業","端點銷售系統 POS SYSTEM"
"1195","3520","振維電子","電子零組件業","電腦、通訊、電子資訊及家電用電源傳輸線及訊號連接線組"
"1196","3519","綠能","半導體業","電子零組件製造業"
"1197","3516","亞帝歐","光電業","冷陰極螢光燈配線組立"
"1198","3515","華擎","電腦及週邊設備業","個人電腦主機板"
"1199","3491","昇達科技","通信網路業","微波高頻通訊元件-濾波器、雙工器之設計研發與製造。"
"1200","3540","曜越科技","電腦及週邊設備業","機殼"
"1201","2718","桃園店","觀光事業","國際觀光旅館、 廳、會議室、咖啡廳"
"1202","2636","台驊投控","航運業","一般投資業"
"1203","2597","潤弘精密","建材營造業","土木泥作建築工程、機電系統工程、預鑄牆板及柱筋工程之設計施工"
"1204","2596","綠意開發","建材營造業","住宅及大樓開發租售業務"
"1205","2231","為升","電機機械","汽車及其零件製造"
"1206","2049","上銀科技","電機機械","CB01010機械設備製造業。"
"1207","2038","海光企業","鋼鐵工業","鋼筋製造買賣"
"1208","1813","寶利徠","生技醫療業","鏡片、鏡框、清洗器具製造加工進出口買賣"
"1209","1799","紅電醫","生技醫療業","醫療器材批發業"
"1210","3526","凡甲科技","電子零組件業","筆記型電腦連接器"
"1211","1583","程泰","電機機械","電腦數值控制車床製造加工買賣"
"1212","2062","橋椿","其他業","水管開關配件"
"1213","3383","新世紀","光電業","高亮度氮化鎵藍、綠光發光二極體磊晶片及晶粒之研發、製造及銷售"
"1214","3514","昱晶能源","光電業","太陽能電池"
"1215","3532","台勝科","半導體業","矽晶圓電子材料之製造及銷售進出口業務"
"1216","3533","嘉澤端子","電子零組件業","連接器"
"1217","3545","旭曜","半導體業","研究、開發、設計、製造及銷售平面顯示驅動晶片及控制晶片"
"1218","8131","福懋科技","半導體業","接受委託各型積體電路之封裝、測試與模組之加工及研究開發業務"
"1219","8201","無敵","其他電子業","電子辭典"
"1220","1580","新麥企業","電機機械","食品機器設備製造及買賣"
"1221","1584","精剛精密","其他業","鈦合金棒材"
"1222","3434","哲固","光電業","安全監控產品系列，工業電腦產品系列及週邊產品"
"1223","3444","利機企業","電子通路業","各種半導體、光電及太陽能產業所需之原材料、零組件及其設備"
"1224","3479","安勤科技","電腦及週邊設備業","單板電腦"
"1225","3511","矽瑪科技","電子零組件業","連接器之研發、製造與銷售"
"1226","3529","力旺","半導體業","嵌入式非揮發記憶體IP授權及技術服務"
"1227","3531","先益電子","光電業","LED中小尺寸背光模組"
"1228","3535","晶彩科","光電業","TFT-LCD檢測機台"
"1229","3536","誠創科技","半導體業","冷陰極燈管、發光二極體(LED)及冷陰極燈管照明產品之製造及銷售"
"1230","3537","堡達","電子零組件業","各種馬達、電子零件及電機器材之進出口買賣業務"
"1231","3541","西柏科技","其他電子業","影像處理機器設計製造加工買賣"
"1232","3546","宇峻奧汀","資訊服務業","單機版遊戲、線上遊戲軟體研發及銷售"
"1233","3548","兆利","電子零組件業","NB、LCD、手機、3C電子等產品的扭力轉軸之研發設計、製造及銷售"
"1234","3550","聯穎","電子零組件業","電線、電纜、電腦用多蕊線、彈簧曲線等之特殊電線製造"
"1235","3551","世禾","其他電子業","機械安裝業"
"1236","3552","同致電子","其他電子業","汽車電子零配件之製造買賣。"
"1237","3553","力積","半導體業","電子零組件製造業"
"1238","5907","F-大洋","貿易百貨業","服飾、珠寶、化妝品、鞋類。"
"1239","3555","擎泰科技","半導體業","資料儲存與安全保密相關控制晶片及其系統產品"
"1240","3556","禾瑞亞","半導體業","產品設計業"
"1241","3557","嘉威光電","光電業","光學膜片設計製造"
"1242","3559","全智科","半導體業","I301010	資訊軟體服務業"
"1243","3561","昇陽科","光電業","太陽能電池"
"1244","3562","頂晶科","光電業","太陽能電池模組製造、銷售"
"1245","3563","牧德","其他電子業","非接觸式機械視覺檢測系統設備"
"1246","3567","逸昌科技","半導體業","晶圓、 類比IC 最終測試、外觀檢查、捲帶包裝等服務。"
"1247","3570","大塚資訊","資訊服務業","製造業3D電腦工程繪圖CAD/CAM/CAE/CAID軟體產品代理銷售"
"1248","3573","穎台","光電業","電子零組件製造業"
"1249","3576","新日光","光電業","研究、開發、設計、製造及銷售(1) 太陽能電池及相關系統"
"1250","3577","泓格科技","電腦及週邊設備業","產業電腦相關產品研發、製造銷售及電腦軟體代理買賣"
"1251","3579","尚志","半導體業","矽晶圓研磨片"
"1252","3580","友威科技","其他電子業","真空鍍膜設備 VCE (Vacuum Coating Equipment)"
"1253","3584","介面光電","光電業","觸控面板之製造.銷售"
"1254","3588","通嘉","半導體業","CC01080 電子零組件製造業"
"1255","3591","艾笛森","光電業","高 率LED元件模組、光傳輸元件模組及光感測元件模組"
"1256","3593","力銘","光電業","inverter"
"1257","3596","智易科技","通信網路業","無線區域網路產品"
"1259","3605","宏致","電子零組件業","電子、電腦、通信設備及零組件、各式連接器之加工製造"
"1260","4729","熒茂","光電業","光學鏡片"
"1261","4733","上緯企業","化學工業","環保耐蝕樹脂材料"
"1262","8358","金居開發","電子零組件業","CC01080電子零組件製造業"
"1263","3607","谷崧","電子零組件業","各種模具、金屬零件之製造加工及買賣"
"1264","3587","閎康科技","其他電子業","物性分析"
"1265","3528","安馳科技","電子通路業","電腦設備安裝業"
"1266","2719","燦星旅","觀光事業","旅行業"
"1267","1773","勝一化工","化學工業","1.甲醛、甲醛醇、工業用合成樹脂等製造、加工、買賣及外銷。"
"1268","8059","凱碩科技","通信網路業","Cable Modem等寬頻網路通訊用戶端產品之設計、製造及銷售。"
"1269","6024","群益期","金融保險業","期貨經紀、自營業務、期貨顧問事業、期貨經理事業"
"1270","4911","德英","生技醫療業","植物新藥、 能性化粧品、保健食品研發與製造"
"1271","4133","亞諾法","生技醫療業","目錄銷售a.重組蛋白質b.多株抗體c.單株抗體d.配對抗體e.其他"
"1272","3630","新鉅科","光電業","光學儀器製造業"
"1273","3629","卓韋光電","光電業","導電塑膠薄膜"
"1274","3625","西勝","電腦及週邊設備業","電子零組件製造業"
"1275","3624","光頡","電子零組件業","電子組件製造業"
"1276","3623","富晶通","光電業","觸控面板產品研發"
"1277","3622","洋華","光電業","觸控面板之製造與銷售"
"1278","3617","碩天科技","其他電子業","不斷電電源供應系統之設計製造及銷售業務"
"1279","3615","安可光電","光電業","導電玻璃生產與銷售"
"1280","8401","白紗科技","其他業","名片、海報、書冊、信封、桌月曆等合版網路印刷之製造加工買賣。"
"1281","3609","東林","電子零組件業","電子式安定器加工製造買賣業務"
"1282","3598","奕力","半導體業","研究、設計、開發及銷售顯示相關及類比應用積體電路元件"
"1283","2063","世鎧","鋼鐵工業","螺絲、螺帽、螺絲釘及   釘等製品製造業"
"1284","3664","F-安瑞","通信網路業","網路連線安全及網路流量加速相關係統之研發及銷售"
"1285","3131","弘塑科技","其他電子業","半導體及積體電路製造設備之工程承包、製造、買賣及維修工程。"
"1286","3632","研勤","通信網路業","行車記錄器買賣"
"1287","2208","台船公司","航運業","船舶、艦艇之設計、製造、安裝、修理、銷售及代理業務"
"1288","3611","鼎翰","電腦及週邊設備業","硬體(條碼印表機等)"
"1289","3653","健策","電子零組件業","各種機械及零件、精密模具之製造加工買賣"
"1513","2634","漢翔","航運業",
"1291","3631","晟楠","電子零組件業","(有鉛、無鉛)銲錫條、錫絲、"
"1292","4736","泰博","生技醫療業","醫療器材設備製造"
"1293","6803","崑鼎投控","其他業","一般投資"
"1294","8403","盛弘醫藥","生技醫療業","西藥批發業"
"1295","1337","F-再生","塑膠工業","以廢塑膠再生運用以產製EVA之共混發泡製品之製造及銷售"
"1296","1590","F-亞德","電機機械","氣動控制元件、氣動執行元件、"
"1297","1762","中化合成","生技醫療業","原料藥製造銷售"
"1298","1789","台灣神隆","生技醫療業","原料藥、針劑製劑及相關產品之諮詢、顧問及技術服務業務。"
"1299","2637","F-慧洋","航運業","國際海上運輸業務"
"1300","2723","F-美食","觀光事業","咖啡飲料及烘培產品製造販售"
"1301","3257","虹冠電","半導體業"," 率積體電路(Power IC)"
"1302","3432","台端","電子零組件業","連接器"
"1304","3645","達邁","電子零組件業","聚醯亞胺薄膜之製造與銷售"
"1305","3665","F-貿聯","其他電子業","電腦週邊零組件之研發、生產及銷售"
"1306","3669","圓展","光電業","簡報監控產品系列設計、製造、加工及買賣"
"1307","3673","F-TPK","光電業","觸控感應器、觸控模組、觸控螢幕、"
"1308","3679","新至陞","電子零組件業","精密塑膠模具之設計開發"
"1309","3686","達能","半導體業","電子零組件製造業"
"1310","3694","海華科技","通信網路業","無線網路通訊模組產品之研究開發、生產製造及銷售"
"1311","3698","隆達","光電業","氮化銦鎵磊晶片與晶粒(InGaN Epi Wafer &amp; Chip)"
"1312","3703","欣陸投控","建材營造業","投資"
"1313","3704","合勤控","通信網路業","一般投資業"
"1314","3705","永信","生技醫療業","一般投資業"
"1315","4144","F-康聯","生技醫療業","醫藥開發及銷售"
"1316","4737","華廣","生技醫療業","血糖檢測儀、血糖檢測試片"
"1317","4746","台耀","生技醫療業","原料藥-防曬系列活性成分"
"1318","4919","新唐科技","半導體業","消費性邏輯IC產品"
"1319","4930","燦星網通","電器電纜","小家電之製造、銷售及設計業務"
"1320","4934","太極能源","光電業","太陽能電池"
"1321","4935","F-茂林","光電業","導光板應用之光電產品零組件研發製造及進出口買賣業務"
"1322","4938","和碩","電腦及週邊設備業","電信管制射頻器材製造業"
"1323","4942","嘉彰","光電業","光電資訊電子&amp;#63922;組件"
"1324","4952","凌通科技","半導體業","I501010產品設計業"
"1325","4956","光鋐","光電業","(一)超高亮度發光二極體藍 綠光磊晶片及晶粒。(二)超高亮度發光"
"1326","4958","F-臻鼎","電子零組件業","PCB"
"1327","4960","奇美材料","光電業","偏光板"
"1328","4984","F-科納","通信網路業","波長選擇開關WSS(Wavelength Selective Switch)"
"1329","5215","F-科嘉","電腦及週邊設備業","薄膜觸控開關之製造銷售"
"1330","5871","F-中租","其他業","租賃業務"
"1331","5906","F-台南","貿易百貨業","品牌男女裝之設計開發、製造及銷售業務"
"1332","6702","復興航空","航運業","定期航空航線客貨郵運輸業務"
"1333","8011","台通","通信網路業","光纜及光纖到家相關配件"
"1334","8404","F-百和","其他業","成衣、鞋類之輔料黏扣帶、織帶及3C成品週邊配件之產製及銷售"
"1335","8411","F-福貞","其他業","馬口鐵罐製造與銷售"
"1336","8422","可寧衛","其他業","有害事業廢棄物清除處理業務"
"1337","1258","F-其祥","食品工業","雞隻飼養"
"1338","1259","安心","觀光事業","連鎖速食 飲"
"1339","1586","和勤精機","電機機械","各類電子及汽車零件之加工製造買賣之產品業務"
"1340","1595","川寶科技","電子零組件業","電子零組件製造業"
"1341","2233","宇隆","電機機械","精密金屬零件之機械加工、製造及買賣"
"1342","2924","F-東凌","貿易百貨業","童裝及嬰童產品之研發"
"1343","3105","穩懋","半導體業","電子零組件製造業"
"1344","3628","盈正豫順","其他電子業","不斷電系統設備(UPS)研發.製造.銷售及代理"
"1345","3642","駿熠電子","其他電子業","塑橡膠結合類產品"
"1346","3652","精聯","電腦及週邊設備業","自動資料收集產品研發、製造、全球銷售"
"1347","3662","樂陞科技","資訊服務業","資訊軟體服務業、資訊處理服務業"
"1348","3680","家登精密","半導體業","光罩解決方案產品"
"1349","3685","政翔","光電業","C805050工業用塑膠製品製造業"
"1350","3687","歐買尬","資訊服務業","資訊軟體服務業、資訊處理服務業、"
"1351","3691","碩禾","光電業","太陽能導電漿"
"1352","4138","曜亞國際","生技醫療業","醫學美容之雷射儀器銷售"
"1353","4139","F-馬光","生技醫療業","中醫門診治療服務"
"1354","4154","F-康樂","生技醫療業","美容保健產品之銷售"
"1355","4430","耀億工業","其他業","體育用品、工業用線、尼龍線、釣漁線、割草線等"
"1356","4728","雙美","生技醫療業","西藥製造業、醫療器材設備製造業、化粧品製造業"
"1357","4735","豪展醫療","生技醫療業","醫療器材設備製造業、醫療器材批發業、醫療器材零售業"
"1358","4739","康普材料","化學工業","氧化觸媒生產製造買賣及進出口業務"
"1359","4743","合一生技","生技醫療業","新藥開發"
"1360","4912","F-聯德","電子零組件業","精密金屬模具設計及生產"
"1361","4924","F-欣厚","電腦及週邊設備業","電腦及週邊設備業"
"1362","4927","F-泰鼎","電子零組件業","雙面與多層印刷電路板之製造與銷售"
"1363","4933","友輝","光電業","LCD背光模組零組件-聚光片"
"1364","4939","亞電","電子零組件業","覆 膜"
"1365","4944","兆遠科技","光電業","光電材料基板"
"1366","4946","紅心辣椒","資訊服務業","資訊軟體服務業"
"1367","4947","F-昂寶","半導體業","IC設計"
"1368","4965","商店街","資訊服務業","電子商務"
"1369","4966","F-譜瑞","半導體業","高速訊號傳輸介面及顯示晶片之研發設計及銷售"
"1370","4974","亞泰","電子零組件業","影像感測器之買賣"
"1371","4979","華星光","通信網路業","電子零組件製造業及電子材料批發業等相關產業"
"1372","4994","傳奇","資訊服務業","電子資訊供應服務業"
"1373","5536","聖暉","其他電子業","電子及生技醫藥等高科技產業無塵室機電.製程設施之設計與建造"
"1374","8171","天宇工業","通信網路業","電池模組"
"1375","8410","森田","電腦及週邊設備業","印刷業"
"1376","8418","F-必勝","其他業","工業重型機械之租賃、買賣"
"1377","8426","F-紅木","其他業","全球性高級精品名牌店之裝潢"
"1378","1339","昭輝","塑膠工業","汽車零組件之製造及銷售"
"1379","1591","F-駿吉","電機機械","氣動式槍釘系列製造、生產"
"1380","1593","祺驊","生技醫療業","運動健身器材用之零組件製造及銷售"
"1381","2722","夏都","觀光事業","一般旅館業"
"1382","2724","F-富驛","觀光事業","飯店業"
"1383","2727","王品","觀光事業"," 館業"
"1384","3428","光燿科","光電業","智慧型手機、平版電腦、遊戲機等光學鏡頭組"
"1385","3646","艾恩特","電子零組件業","連接器製造生產"
"1386","3658","漢微科","半導體業","機械設備及電子零組件製造業"
"1387","4142","國光生技","生技醫療業","血清、疫苗、檢驗試劑、生物製劑及其菌液、原料等之加工製造買賣"
"1388","4950","牧東","光電業","觸控面板買賣"
"1389","4973","廣穎電通","半導體業","快閃記憶體相關產品之製造及買賣"
"1390","4987","科誠","電腦及週邊設備業","條碼標籤印製機之研發、製造及銷售。"
"1391","4995","晶達光電","光電業","高亮度液晶面板模組及顯示器"
"1392","5230","雷笛克","光電業","照明設備製造業"
"1393","8423","F-保綠","其他業","再生橡膠之生產及銷售"
"1394","8432","東生華","生技醫療業","西藥批發零售業"
"1395","4429","聚紡","紡織纖維","透濕防水機能性紡織品"
"1396","8406","F-金可","生技醫療業","隱形眼鏡"
"1397","1589","F-永冠","電機機械","主要從事球狀石墨鑄鐵/灰口鑄鐵之高級鑄件產品之製造及銷售業務"
"1398","4141","F - 龍燈","生技醫療業","作物保劑、植物營養劑的研究開發、生產製造與銷售一體化服務"
"1403","8427","F-基勝","其他業","戶外休閒金屬傢俱、健身器材及相關製品設計、生產及銷售"
"1404","5278","尚凡","資訊服務業","社群交友網路平台服務"
"1405","3049","和鑫","光電業","大尺寸彩色濾光片及原料之研究、開發、生產、製造及銷售業務。"
"1406","3324","雙鴻科技","其他電子業","散熱模組"
"1453","3141","晶宏","半導體業","LCD驅動IC之設計與產銷"
"1407","6199","天品","其他業","快閃記憶卡讀卡機之研發.設計.生產.製造.組裝.測試及銷售 ia應用產品之研發.生產 前項產品之國內銷售及出口業務"
"1408","3285","微端","其他電子業","數位影音多媒體產品"
"1409","6504","南六企業","其他業","衛材類不織布.  水針布. 手術防護衣用布製造"
"1410","8176","智捷","通信網路業","無線網路產品"
"1411","2230","泰茂","電機機械","引擎活塞環之製造與銷售暨引擎零組件及汽車零配件之買賣"
"1412","3594","磐儀","電腦及週邊設備業","工業用主機控制板介面卡之研發裝配組合加工製造業務"
"1413","1338","F-廣華","汽車工業","汽車內飾件之曲面印刷、表面塗裝及射出成型等製造及銷售"
"1414","1597","直得","電機機械","微型線性滑軌之研究開發製造及銷售"
"1415","1599","宏佳騰","電機機械","機車及其零件製造及銷售"
"1416","2640","大車隊","其他業","計程車派遣業務及廣告服務"
"1417","2729","瓦城泰統","觀光事業"," 飲服務業"
"1418","3163","波若威","通信網路業","高密度波分多工器/解多工器與合波器之設計、生產與銷售服務"
"1419","3663","鑫科材料","其他電子業","各式薄膜濺鍍靶材、太陽能電池用導電膠及貴金屬材料之加工銷售"
"1420","3675","德微科技","半導體業","專業整流二極體之研究、設計、開發、檢測及國內外銷售業務。"
"1421","3689","湧德電子","電子零組件業","整合型訊號連接器"
"1422","4152","台微體","生技醫療業","授權合作開發收入"
"1423","4153","鈺緯","生技醫療業","醫療器材製造業、醫療器材批發業、醫療器材零售業及國際貿易業"
"1424","4160","創源生技","生技醫療業","1.基因檢測  2.分子診斷  3.生物技術服務"
"1425","4161","聿新生技","生技醫療業","居家醫療檢測產品"
"1426","4162","智擎","生技醫療業","新藥開發"
"1427","4163","鐿鈦科技","生技醫療業","醫療器材用產品"
"1428","4164","承業醫","生技醫療業","放射腫瘤、神經科學、牙科及眼科之儀器設備銷售、租賃及維護"
"1429","4168","醣聯","生技醫療業","抗癌用之單株抗體開發"
"1430","4432","銘旺實","紡織纖維","針織成衣、梭織成衣及各種成衣製造加工買賣業務"
"1431","4745","F-合富","生技醫療業","從事醫療器材、試劑及零配件之進出口買賣業務"
"1432","4915","致伸","電腦及週邊設備業","電腦週邊產品之設計開發、製造與銷售"
"1433","4972","湯石照明","光電業","專業商用照明燈具設計及製造"
"1434","4976","佳凌","光電業","LED.手機.相機.監視器.投影機.辨識器.攝影機等鏡頭開發及製作。"
"1435","4999","鑫禾科技","電子零組件業","樞紐零件"
"1436","5234","達興","光電業","光電產業用化學材料"
"1437","5251","天鉞電","光電業","智慧型家庭安防應用相關產品"
"1438","5263","智崴資訊","文化創意業","行動裝置軟體"
"1439","5269","祥碩科技","半導體業","高速介面控制晶片及裝置端高速控制晶片之設計"
"1440","8155","博智電子","電子零組件業","電子零組件製造業"
"1441","8416","實威","資訊服務業","3D 繪圖軟體 ( SOLIDWORKS)"
"1442","8421","旭源","其他業","C805990  其他塑膠品製造業"
"1443","8424","惠普","建材營造業","矽酸鈣板、纖維水泥板製造及銷售"
"1444","8433","弘帆","貿易百貨業","流行髮飾.梳子.珠寶.手袋及其他等進出口業務"
"1445","8435","鉅邁","其他業","專業水處理應用與技術服務等項目"
"1446","2867","三商美邦","金融保險業","經營人身保險業務"
"1447","3583","辛耘","半導體業","半導體/LED/Solar/LCD等製程機台設備代理、研發與製造"
"1448","2926","誠生","貿易百貨業","商場之經營管理"
"1449","8147","正淩精工","電子零組件業","高速高頻連接器之設計、製造及行銷"
"1450","5274","信驊科技","半導體業","伺服器管理晶片"
"1451","2929","F-淘帝","貿易百貨業",
"1452","4157","F*太景","生技醫療業",
"1454","3167","大量科技","電機機械","各種機器之設計製造加工及買賣"
"1455","3338","泰碩電子","電子零組件業","連接器及散熱器之製造、代理銷售及買賣"
"1456","8038","長園科","電子零組件業","研發及生產鋰二次電池正極材料"
"1457","3558","神準","通信網路業","無線區域網路產品之設計開發、製造及買賣"
"1458","3564","其陽","通信網路業","工業級電腦主機板及相關產品之設計、製造及銷售"
"1459","4726","永昕生物","生技醫療業","CMC技術及cGMP生產技術平台提供業界新藥開發及GMP製造的服務"
"1460","1340","F-勝悅","塑膠工業",
"1461","4137","F-麗豐","生技醫療業",
"1462","5243","F-乙盛","光電業",
"1463","1262","F-綠悅","其他業",
"1464","1783","和康生技","生技醫療業","生物高分子材料應用於生物醫材及醫美保養品的研發、製造及銷售"
"1465","1786","科妍","生技醫療業","透明質酸(玻尿酸)醫療器材產品研發製造及銷售"
"1466","1817","凱撒衛浴","玻璃陶瓷","各種衛浴設備、周邊製品之銷售"
"1467","2066","世德","電機機械","汽車、機械用之特殊零件、配件生產及研發"
"1468","3682","亞太電信","通信網路業","通訊業"
"1469","3684","榮昌","通信網路業","高頻/車用連接線室內外天線工業用次系統產品等製造加工買賣業務"
"1470","3693","營邦","電腦及週邊設備業","產業用電腦及伺服器用機箱類"
"1471","4536","拓凱","其他業","運動休閒產品"
"1472","4747","強生製藥","生技醫療業","西藥之製造，加工，買賣，批發零售，進出口。"
"1473","4916","事欣科","電腦及週邊設備業","工業電腦、博奕機台之製造與銷售"
"1474","4953","緯創軟體","資訊服務業","軟體外包服務"
"1475","5259","清惠","光電業","光電玻璃製造業"
"1476","8409","商之器","生技醫療業","醫療院所影像儲傳系統"
"1477","8436","大江生醫","生技醫療業","保健食品及保養品之研發、製造及銷售"
"1478","2734","易飛網","觀光事業",
"1479","2731","雄獅","觀光事業",
"1480","2712","遠雄來","觀光事業",
"1481","2642","宅配通","航運業",
"1482","2228","劍麟","電機機械",
"1483","5272","笙科","半導體業",
"1484","1626","F-艾美","電器電纜",
"1485","2923","F-鼎固","建材營造業",
"1486","5225","F-東科","其他電子業",
"1487","5264","F-鎧勝","電腦及週邊設備業",
"1488","8429","F-金麗","貿易百貨業",
"1489","9802","F-鈺齊","其他業",
"1490","1256","F-鮮活","食品工業",
"1491","4173","久裕","生技醫療業",
"1492","4175","杏一","生技醫療業",
"1493","4180","安成藥","生技醫療業",
"1494","4755","三福化","化學工業",
"1495","4977","F-眾達","通信網路業",
"1496","5285","界霖","半導體業",
"1497","5287","數字","資訊服務業",
"1498","5289","宜鼎","電腦及週邊設備業",
"1499","6405","悅城","光電業",
"1500","6409","旭隼","其他電子業",
"1501","6411","晶焱","半導體業",
"1502","6412","群電","電子零組件業",
"1503","6414","樺漢","電腦及週邊設備業",
"1504","8150","南茂","半導體業",
"1505","8446","華研","其他業",
"1506","6415","F-矽力","半導體業",
"1507","5538","F-東明","鋼鐵工業",
"1563","8464","億豐","其他業",
"1509","5227","F-立凱","電子零組件業",
"1510","4971","F-IET","半導體業",
"1511","2115","F-六暉","橡膠工業",
"1512","3706","神達","電腦及週邊設備業",
"1518","1264","德麥","食品工業",
"1519","8077","冠華科技","光電業","抗反射抗輻射多層薄膜濾鏡"
"1520","8266","中日新","光電業","電子零組件製造業"
"1521","1568","倉佑","電機機械","汽車及其零件製造業(汽車零組件)"
"1522","6422","F-君耀","電子零組件業",
"1523","3272","東碩資訊","電腦及週邊設備業","電腦週邊設備及軟體設計研究開發業務"
"1524","3321","同泰","電子零組件業","多層及軟式印刷電路板之製造加工及買賣業務 電子零組件之製造加工及買賣業務 cc01050資料儲存及處理設備製造業"
"1525","3374","精材","半導體業","晶圓級晶方尺寸封裝業務"
"1526","3413","晶鼎","半導體業","半導體設備、次系統及系統整合"
"1527","3437","榮創","光電業","led光電材料、元件、模組，及系統產品之研發、生產及銷售"
"1528","3492","長盛科技","電子零組件業","電子連接器製造加工及買賣"
"1529","4116","明基醫","生技醫療業","醫療器材製造加工及銷售"
"1530","8027","鈦昇","電機機械","自動化機械暨零件之設計、研發、製造、安裝及買賣業務 元件包裝載帶"
"1531","3672","康聯訊","通信網路業",
"1532","3581","博磊科技","半導體業","電子零組件製造"
"1533","3122","笙泉科技","半導體業","研發、設計及銷售各種 積體電路"
"1534","2069","運錩","鋼鐵工業",
"1535","2064","晉椿","鋼鐵工業","快削鋼、磨光鋼、棒鋼、中碳鋼、鋼線、鐵線、不鏽鋼材等買賣"
"1536","2235","謚源","電機機械","風扇"
"1537","2641","正德海運","航運業","船舶運送業"
"1538","3661","F- 世芯","半導體業","專業特殊應用積體電路(Application Specific IC、 ASIC)"
"1539","3666","光耀","光電業","光學膜相關產品"
"1540","4147","中裕新藥","生技醫療業","新藥研發"
"1541","4968","立積","半導體業","本公司目前之主要商品為RFIC射頻前端元件"
"1542","5245","智晶","光電業","被動式有機發光顯示器(PMOLED)"
"1543","8420","明揚","其他業","高爾夫球"
"1544","8431","匯鑽科","其他電子業","金屬表面處理服務"
"1545","5255","美桀","電子零組件業","電子零組件製造業"
"1546","4991","F-環宇","半導體業","砷化鎵/磷化銦/氮化鎵高階射頻及先進光電產品之研發、製造及銷售"
"1547","4167","展旺","生技醫療業",
"1548","2067","嘉鋼","電機機械",
"1549","2732","六角","觀光事業",
"1550","4171","瑞基","生技醫療業",
"1551","4174","浩鼎","生技醫療業",
"1552","4433","興采","紡織纖維",
"1553","4541","晟田","其他業",
"1554","4542","科嶠","電子零組件業",
"1555","4545","銘鈺","電子零組件業",
"1556","6417","韋僑","通信網路業",
"1557","6419","京晨科","光電業",
"1558","8443","阿瘦","貿易百貨業",
"1559","8444","F-綠河","其他業",
"1560","2236","F-百達","電機機械",
"1561","6525","F-捷敏","半導體業",
"1562","8467","F-波力","其他業",
"1564","2726","F-雅茗","觀光事業",
"1565","6431","F-光麗","光電業",
"1566","8463","潤泰材","建材營造業",
"1567","6449","鈺邦","電子零組件業",
"1568","6443","元晶","光電業",
"1569","8341","日友","其他業",
"1570","8222","寶一","電機機械",
"1571","6451","F-訊芯","半導體業",
"1572","5288","F-豐祥","電機機械",
"1573","6456","F-GIS","光電業",
"1574","6452","F-康友","生技醫療業",
"1575","3081","聯亞","通信網路業",
"1576","2643","捷迅","航運業",
"1577","2740","天蔥","觀光事業",
"1578","1592","F-英瑞","電機機械",
"1579","8454","富邦媒","貿易百貨業",
"1580","2736","高野","觀光事業",
"1581","6464","台數科","其他業",
"1582","2928","F-紅馬","觀光事業",
"1583","4557","F-永新","電機機械",
"1584","4555","氣立","電機機械",
"1585","4551","智伸科","電機機械",
"1586","4190","F-佐登","生技醫療業",
"1587","3707","漢磊","半導體業",
"1588","4188","安克","其他業",
"1589","4192","杏國","生技醫療業",
"1590","4198","環瑞醫","生技醫療業",
"1591","4543","萬在","電機機械",
"1592","4549","桓達","電機機械",
"1593","4550","長佳","電機機械",
"1594","4556","旭然","其他業",
"1595","4762","F-三汰","化學工業",
"1596","4803","F-VHQ","文化創意業",
"1597","4804","F-大略","觀光事業",
"1598","4806","昇華","文化創意業",
"1599","5276","F-達輝","其他業",
"1600","5281","F-大峽","光電業",
"1601","5284","F-JPP","其他業",
"1602","5291","邑昇","電子零組件業",
"1603","5878","台名","金融保險業",
"1604","6026","福邦證","金融保險業",
"1605","6404","F-通訊","資訊服務業",
"1606","6426","統新","通信網路業",
"1607","6432","今展科","電子零組件業",
"1608","6435","大中","半導體業",
"1609","6457","紘康","半導體業",
"1610","6462","神盾","半導體業",
"1611","6465","威潤","通信網路業",
"1612","6469","大樹","生技醫療業",
"1613","6470","宇智","通信網路業",
"1614","6485","點序","半導體業",
"1615","6488","環球晶","半導體業",
"1616","6496","科懋","生技醫療業",
"1617","6510","精測","半導體業",
"1618","6512","啟發","其他電子業",
"1619","6514","F-芮特","通信網路業",
"1620","7402","邑錡","光電業",
"1621","8437","F-大地","其他業",
"1622","8450","霹靂","文化創意業",
"1623","8455","F-大拓","其他電子業",
"1624","8462","柏文","觀光事業",
"1625","8472","夠麻吉","資訊服務業",
